id_registro,ingresos_mensuales,egresos_mensuales,nivel_endeudamiento,capacidad_pago,tipo_credito,monto_solicitado,plazo_meses,antiguedad_laboral_anios,mora
1,350.0,210.59,34.45,139.41,Vivienda,9909.07,180,2.6,0
2,889.76,484.47,35.27,405.29,Consumo,1759.15,36,2.4,0
3,1500.6,474.32,38.16,1026.28,Microcrédito,6095.28,6,5.0,0
4,1916.87,1164.72,31.14,752.15,Microcrédito,8773.27,24,4.3,0
5,1240.68,849.95,36.69,390.73,Consumo,6131.17,24,2.0,0
6,471.66,306.81,6.53,164.85,Microcrédito,2826.83,12,8.6,0
7,751.78,461.2,51.43,290.58,Consumo,3006.42,12,4.6,0
8,941.5,556.44,47.4,385.06,Consumo,2392.6,6,2.9,0
9,869.53,543.33,38.76,326.2,Consumo,2592.16,48,4.3,0
10,908.18,552.31,29.22,355.87,Microcrédito,1815.67,6,7.4,0
11,597.92,266.31,21.82,331.61,Consumo,2497.09,6,2.2,0
12,658.87,213.52,19.79,445.35,Consumo,925.43,6,0.6,0
13,373.43,212.68,2.0,160.75,Consumo,1280.75,36,6.3,0
14,1685.35,570.7,46.97,1114.65,Consumo,7092.12,24,7.5,0
15,809.5,263.74,15.6,545.76,Consumo,2796.63,6,4.8,0
16,1309.5,640.42,37.64,669.08,Vivienda,19675.93,120,5.9,0
17,1133.76,414.25,38.68,719.51,Microcrédito,5894.71,12,7.8,0
18,875.79,430.58,18.46,445.21,Consumo,3303.39,6,11.4,0
19,724.67,282.23,30.88,442.44,Microcrédito,4936.02,18,1.3,0
20,1054.13,655.14,77.84,398.99,Vivienda,9886.67,120,5.9,1
21,772.77,359.01,27.46,413.76,Consumo,2829.37,36,2.7,0
22,788.0,408.21,20.19,379.79,Microcrédito,4607.98,24,2.8,1
23,967.04,681.86,41.63,285.18,Consumo,2877.55,6,3.2,1
24,1407.81,710.93,8.83,696.88,Vivienda,40210.82,84,1.4,0
25,1247.44,729.99,36.82,517.45,Consumo,4955.37,36,2.5,0
26,879.49,373.03,48.03,506.46,Consumo,3295.81,48,6.2,0
27,1164.46,420.29,15.51,744.17,Vivienda,15074.25,240,1.6,0
28,871.0,702.61,71.72,168.39,Microcrédito,3823.72,24,2.4,1
29,394.15,219.04,23.76,175.11,Microcrédito,2456.57,18,3.4,0
30,778.87,507.38,71.83,271.49,Consumo,3659.44,6,2.2,1
31,350.0,266.19,33.43,83.81,Consumo,1353.22,36,3.7,0
32,1944.31,1401.39,4.74,542.92,Consumo,2138.42,6,1.0,0
33,1668.39,1068.01,3.97,600.38,Consumo,7616.26,18,0.9,0
34,1946.34,1173.54,33.54,772.8,Microcrédito,3841.84,12,11.8,0
35,575.05,250.33,2.0,324.72,Consumo,2523.98,12,4.4,0
36,1093.78,596.96,2.0,496.82,Comercial,9930.79,24,4.9,0
37,1357.15,415.67,38.27,941.48,Consumo,5685.34,36,5.7,0
38,399.97,128.08,28.65,271.89,Microcrédito,1548.69,36,5.0,0
39,844.2,657.68,21.74,186.52,Consumo,1906.45,6,3.4,0
40,1122.64,705.67,18.71,416.97,Microcrédito,2594.13,36,4.6,0
41,793.29,499.56,15.95,293.73,Microcrédito,3447.29,18,14.2,0
42,767.95,494.87,45.05,273.08,Consumo,1805.63,18,1.3,0
43,887.94,667.99,28.89,219.95,Vivienda,27313.75,120,3.9,0
44,586.99,371.77,42.05,215.22,Consumo,778.98,12,6.3,0
45,495.35,236.88,2.0,258.47,Microcrédito,1347.97,18,7.6,0
46,1034.18,709.6,49.73,324.58,Vivienda,35714.99,120,13.8,0
47,966.53,355.78,18.79,610.75,Vivienda,11070.94,84,9.6,1
48,505.65,287.71,23.83,217.94,Consumo,791.98,24,3.3,0
49,633.16,210.98,38.49,422.18,Microcrédito,1201.34,36,4.9,0
50,785.28,552.56,58.04,232.72,Consumo,3471.26,48,3.3,0
51,432.33,254.1,77.66,178.23,Comercial,3131.16,60,1.1,1
52,1873.39,1779.72,46.87,93.67,Vivienda,43188.77,60,3.1,0
53,1272.22,592.31,29.78,679.91,Microcrédito,1909.6,36,3.8,0
54,1446.81,859.89,33.92,586.92,Microcrédito,5295.32,24,1.0,0
55,584.78,498.04,34.97,86.74,Microcrédito,2199.65,18,3.0,1
56,1625.73,914.48,32.65,711.25,Vivienda,19249.4,120,11.3,0
57,733.21,372.88,2.0,360.33,Vivienda,18500.54,180,13.1,0
58,467.67,256.47,13.9,211.2,Vivienda,7264.67,180,2.2,1
59,1536.34,827.85,19.32,708.49,Consumo,6577.95,48,8.5,0
60,471.72,373.27,11.11,98.45,Vivienda,5605.05,180,6.0,0
61,773.4,399.51,16.07,373.89,Consumo,2753.83,18,1.4,1
62,1143.06,910.9,57.86,232.16,Comercial,3817.12,24,7.8,1
63,1197.05,743.81,30.66,453.24,Microcrédito,7354.03,18,3.4,0
64,2256.35,1189.01,42.24,1067.34,Consumo,2431.21,6,2.6,0
65,1592.85,1041.39,48.94,551.46,Microcrédito,4695.83,18,3.7,1
66,396.94,275.18,49.11,121.76,Consumo,1448.56,48,6.5,0
67,606.22,280.33,2.0,325.89,Comercial,5433.27,36,0.6,0
68,678.92,519.6,45.05,159.32,Vivienda,19667.76,240,8.0,0
69,1011.3,625.09,33.4,386.21,Consumo,2692.42,18,3.2,1
70,756.57,209.67,18.08,546.9,Vivienda,26013.81,240,3.5,1
71,903.76,369.31,53.85,534.45,Consumo,3860.43,36,2.2,0
72,350.0,292.4,69.05,57.6,Consumo,1088.87,24,2.4,1
73,1667.79,922.92,2.0,744.87,Microcrédito,8687.76,12,2.6,0
74,736.5,411.08,52.71,325.42,Consumo,1676.35,36,9.9,0
75,539.76,459.75,52.67,80.01,Microcrédito,2532.48,36,1.3,0
76,768.54,470.68,71.37,297.86,Consumo,3405.76,36,2.7,1
77,1004.68,645.64,81.79,359.04,Microcrédito,2862.22,6,3.6,0
78,829.34,555.31,7.11,274.03,Microcrédito,3565.03,6,6.2,0
79,457.17,272.4,31.63,184.77,Consumo,969.84,18,5.3,0
80,1643.14,1097.43,41.6,545.71,Microcrédito,4338.41,18,4.5,0
81,775.13,562.97,2.18,212.16,Vivienda,24202.13,180,5.9,0
82,670.83,411.36,25.4,259.47,Microcrédito,942.98,6,2.5,0
83,922.33,765.77,28.28,156.56,Microcrédito,3458.58,18,5.7,0
84,959.69,590.04,35.39,369.65,Consumo,2642.37,24,4.4,0
85,1156.17,250.56,54.4,905.61,Microcrédito,2248.94,24,6.8,0
86,2196.12,1383.83,31.7,812.29,Microcrédito,5459.44,6,10.5,0
87,354.89,195.17,65.71,159.72,Vivienda,4692.38,60,10.7,0
88,873.23,453.17,21.29,420.06,Microcrédito,4347.67,12,6.4,0
89,674.07,502.62,63.55,171.45,Consumo,1988.01,48,2.3,1
90,885.32,515.58,31.57,369.74,Consumo,2724.61,6,4.1,0
91,1171.97,349.21,15.33,822.76,Consumo,3052.94,12,1.4,0
92,1240.6,649.8,20.01,590.8,Comercial,4984.2,36,1.1,0
93,580.41,338.53,50.95,241.88,Consumo,1323.21,36,0.7,0
94,544.56,291.11,2.0,253.45,Microcrédito,852.43,24,5.2,0
95,1194.9,578.36,58.86,616.54,Microcrédito,7718.51,24,1.6,0
96,1152.49,707.62,24.07,444.87,Microcrédito,3771.31,36,1.4,0
97,792.85,753.21,57.05,39.64,Vivienda,18866.56,60,9.2,0
98,1337.73,1204.99,2.75,132.74,Consumo,2100.5,12,7.6,0
99,634.83,364.91,21.21,269.92,Consumo,1324.26,6,2.5,0
100,593.5,245.65,19.09,347.85,Consumo,2467.85,12,9.8,0
101,756.02,385.21,43.62,370.81,Microcrédito,4685.5,18,5.0,0
102,513.57,242.59,17.72,270.98,Microcrédito,3139.46,24,5.9,0
103,499.69,338.25,36.67,161.44,Consumo,1004.17,12,3.6,0
104,1022.18,516.36,40.42,505.82,Microcrédito,6578.18,24,8.5,0
105,2471.7,1359.98,48.13,1111.72,Consumo,3344.22,24,11.5,0
106,1134.55,558.04,55.68,576.51,Consumo,1851.13,36,9.7,0
107,2081.59,1876.87,22.95,204.72,Comercial,15780.42,60,2.0,0
108,1000.34,810.25,44.05,190.09,Consumo,1578.37,36,2.0,0
109,975.97,469.79,50.48,506.18,Microcrédito,6797.03,18,6.6,0
110,469.42,288.57,30.31,180.85,Vivienda,9376.21,84,3.8,1
111,1772.95,709.02,35.55,1063.93,Microcrédito,8740.2,6,2.2,0
112,1325.9,803.8,76.33,522.1,Microcrédito,4509.83,12,4.8,0
113,2056.54,1312.73,27.2,743.81,Microcrédito,2507.38,36,2.6,1
114,2026.4,1417.26,40.91,609.14,Consumo,2152.75,36,1.8,0
115,1111.02,326.96,2.0,784.06,Consumo,4979.25,18,1.2,0
116,1418.76,415.65,25.82,1003.11,Microcrédito,3544.85,12,3.2,0
117,616.63,129.18,28.39,487.45,Microcrédito,2709.28,18,9.6,0
118,1113.13,373.91,2.0,739.22,Microcrédito,6908.48,24,13.7,0
119,626.29,306.67,9.38,319.62,Consumo,2153.27,18,6.8,0
120,714.74,517.56,34.22,197.18,Consumo,1932.73,12,6.1,0
121,1351.53,851.81,57.77,499.72,Vivienda,40672.18,180,3.0,0
122,862.69,442.96,32.17,419.73,Vivienda,24374.5,84,3.7,0
123,1563.9,792.9,25.26,771.0,Microcrédito,5075.33,12,6.9,0
124,430.75,219.3,67.4,211.45,Consumo,1541.69,48,6.0,0
125,634.15,316.33,32.31,317.82,Consumo,1266.48,6,4.8,0
126,906.51,259.28,11.61,647.23,Comercial,2382.97,12,5.0,0
127,2396.17,1050.58,21.41,1345.59,Microcrédito,5166.18,6,4.1,0
128,1453.89,299.87,27.01,1154.02,Consumo,4425.38,36,4.4,0
129,1141.32,824.0,21.22,317.32,Microcrédito,5341.8,12,3.9,0
130,718.0,436.0,20.35,282.0,Microcrédito,5012.82,36,1.8,0
131,597.48,342.44,23.47,255.04,Consumo,2059.08,12,3.1,0
132,1221.05,1070.68,45.9,150.37,Consumo,2334.5,12,16.5,0
133,1016.64,447.13,22.91,569.51,Consumo,1258.44,48,2.7,0
134,1150.62,391.93,12.82,758.69,Microcrédito,3612.89,18,6.4,0
135,432.96,246.45,37.56,186.51,Microcrédito,682.62,36,8.9,0
136,693.87,251.62,32.72,442.25,Consumo,3439.67,24,4.6,0
137,1724.65,1574.37,24.84,150.28,Consumo,8535.04,24,0.7,1
138,737.63,448.49,45.07,289.14,Consumo,2153.39,12,1.7,0
139,929.45,456.91,50.97,472.54,Consumo,4112.46,36,3.1,0
140,1415.95,727.24,80.96,688.71,Microcrédito,5567.41,18,9.4,0
141,1274.66,891.28,15.93,383.38,Consumo,4989.31,48,6.5,0
142,1695.54,1007.92,36.89,687.62,Consumo,7495.85,24,1.4,0
143,633.64,291.73,20.6,341.91,Consumo,2960.56,48,6.4,0
144,1748.78,1166.42,37.81,582.36,Consumo,6303.12,36,1.1,0
145,544.49,220.28,43.85,324.21,Consumo,2530.33,36,2.2,0
146,1867.58,954.49,23.03,913.09,Consumo,4896.07,12,0.3,0
147,799.27,431.81,55.08,367.46,Consumo,3592.27,36,5.1,0
148,1194.26,705.55,33.12,488.71,Consumo,1742.73,6,1.8,0
149,1329.5,584.52,18.83,744.98,Microcrédito,6534.22,12,4.6,0
150,942.43,385.46,57.31,556.97,Microcrédito,2453.08,36,9.1,0
151,1005.43,677.89,53.99,327.54,Vivienda,22358.94,60,2.4,0
152,693.59,324.19,34.79,369.4,Vivienda,14283.72,180,1.4,0
153,551.82,364.71,9.06,187.11,Microcrédito,3808.98,12,4.3,0
154,474.71,311.51,40.33,163.2,Consumo,1788.98,12,9.3,0
155,350.0,169.62,13.1,180.38,Consumo,610.89,18,7.9,0
156,1634.26,1348.36,50.74,285.9,Comercial,15450.83,60,4.3,0
157,879.8,636.76,34.35,243.04,Consumo,3472.96,18,3.6,0
158,621.16,211.8,38.85,409.36,Consumo,2519.37,24,6.7,0
159,962.65,691.55,48.71,271.1,Consumo,3243.93,18,1.7,0
160,2254.02,1359.72,10.34,894.3,Vivienda,60000.0,84,7.7,0
161,486.54,137.27,36.81,349.27,Consumo,2427.69,6,7.1,0
162,2152.18,1413.8,33.18,738.38,Microcrédito,4835.39,24,2.8,0
163,1238.63,222.95,66.73,1015.68,Vivienda,40915.73,240,3.3,0
164,2046.15,1007.51,19.23,1038.64,Consumo,8780.17,12,5.7,0
165,2097.99,969.23,22.28,1128.76,Microcrédito,4792.4,12,6.8,0
166,652.94,219.1,47.2,433.84,Consumo,864.3,12,0.6,0
167,350.0,97.83,63.01,252.17,Consumo,682.86,36,3.5,0
168,1130.6,377.07,36.72,753.53,Consumo,5124.14,36,0.3,0
169,956.11,488.7,50.85,467.41,Microcrédito,4911.32,18,7.4,0
170,1318.5,964.35,35.9,354.15,Comercial,8514.49,48,4.3,1
171,542.42,249.2,40.16,293.22,Microcrédito,2709.93,12,4.4,0
172,523.46,153.95,32.7,369.51,Microcrédito,1718.11,6,6.1,0
173,840.37,422.59,3.53,417.78,Microcrédito,1120.5,12,5.4,0
174,1179.68,1120.7,57.46,58.98,Microcrédito,5219.86,12,1.5,0
175,995.4,276.54,22.46,718.86,Consumo,2968.96,24,2.0,0
176,619.69,500.18,45.33,119.51,Consumo,1606.23,6,2.0,0
177,457.07,287.47,59.77,169.6,Consumo,2027.2,18,2.8,0
178,1080.24,959.27,58.52,120.97,Microcrédito,7304.57,6,0.1,0
179,1104.4,457.66,27.29,646.74,Comercial,11171.85,12,8.3,0
180,941.95,692.04,40.53,249.91,Consumo,2460.97,24,3.2,0
181,1088.37,796.26,39.7,292.11,Consumo,4398.95,18,7.0,0
182,905.3,441.1,55.77,464.2,Consumo,2314.36,48,1.6,0
183,763.84,468.38,53.58,295.46,Vivienda,25508.15,120,1.9,1
184,443.45,345.03,32.52,98.42,Consumo,1958.12,18,6.4,0
185,822.31,408.15,31.65,414.16,Consumo,998.76,24,1.9,0
186,678.14,493.36,20.31,184.78,Vivienda,7733.85,120,4.5,0
187,1342.04,587.03,51.06,755.01,Comercial,4206.36,24,3.3,0
188,784.51,398.57,37.15,385.94,Consumo,3202.25,24,2.1,0
189,659.06,411.29,61.15,247.77,Microcrédito,3269.51,36,2.2,0
190,1053.62,668.23,27.07,385.39,Microcrédito,4136.27,24,3.6,0
191,876.17,438.63,51.79,437.54,Vivienda,26894.11,180,4.1,1
192,1289.85,375.11,32.34,914.74,Vivienda,42085.77,180,17.8,0
193,423.54,191.98,52.28,231.56,Comercial,2091.2,36,3.6,0
194,470.53,114.11,20.32,356.42,Consumo,1086.66,36,5.2,0
195,554.97,303.9,2.0,251.07,Comercial,1307.21,24,3.6,0
196,1069.64,798.9,52.1,270.74,Microcrédito,6094.29,24,2.5,1
197,1686.08,1122.65,17.11,563.43,Consumo,2831.01,36,2.6,0
198,676.17,393.22,51.65,282.95,Microcrédito,2103.76,6,2.5,0
199,978.81,491.81,8.93,487.0,Microcrédito,2850.15,36,7.5,0
200,985.86,391.34,37.92,594.52,Consumo,4288.94,36,4.5,0
201,1255.94,758.98,22.61,496.96,Consumo,2347.26,36,5.9,0
202,393.2,200.88,27.8,192.32,Consumo,870.49,48,4.8,0
203,583.79,362.36,43.22,221.43,Microcrédito,3359.52,24,1.3,0
204,1604.03,609.44,8.65,994.59,Microcrédito,5564.05,18,2.4,0
205,1264.66,608.1,41.86,656.56,Consumo,3826.33,18,11.8,0
206,1828.25,1282.07,72.67,546.18,Microcrédito,2824.14,18,1.5,0
207,1367.05,955.35,23.09,411.7,Microcrédito,8932.69,24,2.2,0
208,1146.59,591.84,17.09,554.75,Microcrédito,6964.44,18,5.1,0
209,812.07,211.22,58.43,600.85,Microcrédito,2289.64,36,9.1,0
210,379.15,360.19,40.89,18.96,Microcrédito,1878.72,36,2.9,0
211,527.25,246.47,56.47,280.78,Consumo,1383.11,6,8.4,0
212,428.01,258.12,53.05,169.89,Consumo,1065.64,48,4.7,0
213,1456.12,695.17,21.53,760.95,Vivienda,18594.58,120,0.3,0
214,726.57,412.33,43.22,314.24,Consumo,2979.83,24,2.6,0
215,399.85,71.97,15.92,327.88,Consumo,1352.54,36,0.8,0
216,758.68,624.2,41.65,134.48,Consumo,1442.81,18,8.5,0
217,579.4,228.17,36.24,351.23,Consumo,2645.64,36,2.4,0
218,686.64,629.87,41.98,56.77,Comercial,1498.48,12,3.7,1
219,534.84,369.83,18.16,165.01,Microcrédito,1593.11,36,2.7,1
220,474.1,305.91,6.04,168.19,Microcrédito,1497.2,12,1.4,0
221,579.37,397.32,30.09,182.05,Consumo,1009.45,12,1.5,0
222,1122.99,737.89,84.29,385.1,Microcrédito,2928.82,36,1.6,1
223,529.79,130.99,7.18,398.8,Microcrédito,3410.12,36,5.8,0
224,774.25,453.48,37.06,320.77,Vivienda,18096.62,84,2.4,0
225,977.08,388.39,12.03,588.69,Consumo,1622.68,24,4.9,0
226,1246.92,856.19,32.03,390.73,Consumo,5390.23,18,1.6,0
227,602.04,301.5,25.56,300.54,Consumo,947.35,36,2.2,0
228,523.15,234.89,27.13,288.26,Consumo,625.5,48,3.1,0
229,795.72,578.67,66.78,217.05,Consumo,2449.7,18,0.3,0
230,1633.17,1077.61,18.31,555.56,Consumo,5272.86,24,10.5,0
231,853.59,513.24,62.62,340.35,Consumo,3060.01,12,4.7,1
232,433.02,277.75,38.56,155.27,Microcrédito,1033.74,36,1.6,0
233,1326.43,695.08,2.0,631.35,Consumo,5675.67,48,6.0,0
234,1163.84,427.9,34.65,735.94,Consumo,5145.06,6,1.5,0
235,865.21,274.6,2.0,590.61,Microcrédito,4714.07,24,2.7,0
236,1087.49,642.54,39.9,444.95,Microcrédito,4110.49,18,10.9,0
237,2134.6,743.62,23.72,1390.98,Vivienda,49643.47,180,6.5,0
238,1084.9,792.22,45.07,292.68,Consumo,2593.39,48,2.2,0
239,1680.89,362.97,19.08,1317.92,Consumo,3322.78,18,1.2,0
240,1089.38,473.11,45.85,616.27,Consumo,4344.05,18,11.9,0
241,927.69,576.39,4.73,351.3,Microcrédito,4999.09,36,2.9,0
242,1007.17,574.98,19.95,432.19,Microcrédito,3213.18,24,2.8,0
243,618.23,356.16,51.17,262.07,Consumo,1589.32,36,4.3,0
244,621.14,247.26,42.01,373.88,Microcrédito,2244.71,6,5.1,0
245,2053.37,1100.9,24.1,952.47,Comercial,10135.83,60,7.2,0
246,930.27,167.45,47.43,762.82,Vivienda,25547.6,84,2.8,0
247,1079.75,762.02,28.75,317.73,Consumo,3921.36,24,6.5,0
248,1143.7,774.49,54.12,369.21,Microcrédito,2793.65,18,0.7,1
249,949.87,384.07,50.14,565.8,Vivienda,9593.95,180,7.1,0
250,438.55,192.6,14.63,245.95,Microcrédito,688.73,18,3.2,0
251,3053.52,1166.73,9.74,1886.79,Consumo,7028.41,6,3.1,0
252,980.97,472.21,26.91,508.76,Consumo,2953.45,6,4.5,0
253,410.45,219.2,32.88,191.25,Vivienda,3293.23,120,10.9,0
254,1456.75,660.65,18.54,796.1,Comercial,12397.35,36,6.0,0
255,857.08,385.13,10.39,471.95,Consumo,3150.19,24,1.8,0
256,567.15,294.07,18.63,273.08,Vivienda,13992.82,180,7.3,0
257,1845.69,1096.97,25.74,748.72,Microcrédito,10330.73,36,4.8,0
258,1705.28,1221.84,37.09,483.44,Microcrédito,2602.26,18,2.2,0
259,1067.9,781.06,61.73,286.84,Comercial,8793.37,12,1.6,0
260,1085.34,612.04,46.86,473.3,Consumo,1917.84,24,3.2,0
261,847.47,582.93,26.62,264.54,Consumo,2511.78,6,2.5,0
262,1269.43,632.36,23.65,637.07,Microcrédito,8612.24,6,7.2,0
263,1927.35,604.43,11.37,1322.92,Consumo,4241.01,18,13.2,0
264,357.42,254.93,43.25,102.49,Microcrédito,760.93,12,2.5,0
265,1031.98,423.39,2.17,608.59,Microcrédito,4030.36,6,7.5,0
266,1018.02,484.89,45.74,533.13,Microcrédito,1443.34,24,5.3,0
267,1008.25,480.44,38.82,527.81,Consumo,1884.86,18,4.9,0
268,601.19,277.59,31.65,323.6,Microcrédito,1363.8,18,3.7,0
269,1540.4,632.78,15.61,907.62,Vivienda,18053.12,180,3.3,0
270,1177.07,595.06,53.3,582.01,Vivienda,37945.71,240,9.2,0
271,539.48,323.88,90.86,215.6,Consumo,1523.73,24,4.6,1
272,1513.61,868.33,30.0,645.28,Comercial,4813.22,24,5.0,0
273,1146.33,585.32,2.0,561.01,Microcrédito,5655.62,24,6.7,0
274,1072.17,516.98,51.45,555.19,Microcrédito,7370.85,24,9.9,0
275,623.36,331.8,33.6,291.56,Consumo,1377.21,12,0.9,0
276,948.45,541.4,31.04,407.05,Microcrédito,5922.83,24,5.8,0
277,2963.08,1847.16,48.02,1115.92,Microcrédito,16458.49,36,5.3,0
278,654.28,339.21,39.22,315.07,Microcrédito,3798.21,36,8.7,0
279,805.67,505.19,7.29,300.48,Consumo,2800.08,18,4.2,0
280,996.57,692.86,29.8,303.71,Microcrédito,2769.14,24,6.2,0
281,2554.82,999.41,25.7,1555.41,Microcrédito,12437.57,12,11.4,0
282,1419.73,855.5,40.13,564.23,Microcrédito,3525.2,18,4.7,0
283,1160.49,849.26,20.66,311.23,Consumo,3432.09,12,5.5,0
284,765.93,282.03,21.06,483.9,Consumo,2886.42,6,5.1,0
285,1018.41,352.4,23.77,666.01,Consumo,3281.28,36,9.4,0
286,820.39,418.68,11.92,401.71,Consumo,2855.25,6,14.4,0
287,1547.0,768.12,13.15,778.88,Vivienda,14084.48,240,2.8,0
288,1032.61,676.08,26.94,356.53,Consumo,1724.32,24,5.9,0
289,817.79,510.59,25.86,307.2,Vivienda,27446.16,120,7.6,0
290,728.29,442.16,27.42,286.13,Consumo,873.4,48,6.3,0
291,484.94,231.36,69.0,253.58,Consumo,1170.8,48,5.2,0
292,1142.62,557.87,37.08,584.75,Consumo,3441.85,24,2.5,0
293,387.01,107.39,45.45,279.62,Microcrédito,2308.32,36,7.6,0
294,803.14,451.2,51.13,351.94,Microcrédito,2732.02,24,7.5,0
295,402.09,290.62,81.73,111.47,Microcrédito,1082.61,18,5.1,0
296,665.09,262.77,15.57,402.32,Consumo,3172.98,36,1.9,0
297,1150.74,474.81,42.57,675.93,Consumo,1882.79,36,1.5,0
298,1087.88,765.34,24.42,322.54,Consumo,4155.74,48,4.4,0
299,683.8,457.99,35.81,225.81,Consumo,2635.73,12,4.0,0
300,949.03,422.85,16.8,526.18,Microcrédito,4038.09,36,1.9,0
301,845.74,611.66,44.48,234.08,Vivienda,18932.31,180,12.3,0
302,861.38,521.74,55.17,339.64,Consumo,3510.02,18,2.6,0
303,1944.55,1147.13,49.08,797.42,Consumo,8752.27,36,1.4,0
304,776.69,737.86,37.61,38.83,Consumo,1367.79,6,0.7,1
305,622.97,213.75,9.04,409.22,Vivienda,9622.23,84,1.5,0
306,1950.68,805.7,7.07,1144.98,Consumo,9364.54,12,2.9,0
307,411.81,269.2,14.03,142.61,Comercial,4215.84,60,2.3,0
308,1546.97,1119.86,39.09,427.11,Consumo,3290.41,6,13.1,0
309,854.45,544.55,40.9,309.9,Vivienda,13499.24,60,2.2,0
310,740.25,458.55,31.57,281.7,Microcrédito,1639.35,6,0.7,0
311,2145.29,1290.29,54.28,855.0,Consumo,8885.03,24,1.4,0
312,1257.75,1053.64,52.98,204.11,Microcrédito,7334.85,6,4.2,0
313,727.7,453.65,24.56,274.05,Vivienda,11655.08,120,6.7,0
314,1314.09,449.6,16.08,864.49,Consumo,5077.39,48,3.3,1
315,1489.55,896.49,29.03,593.06,Microcrédito,2938.85,36,5.3,0
316,1937.2,972.49,20.91,964.71,Microcrédito,2979.64,24,3.3,0
317,632.82,386.76,54.6,246.06,Consumo,2064.99,12,4.9,0
318,622.97,387.26,50.49,235.71,Consumo,1853.1,12,2.6,0
319,750.3,362.39,35.52,387.91,Consumo,2923.78,36,0.3,0
320,743.69,592.57,33.59,151.12,Consumo,1327.88,18,2.1,0
321,828.32,546.45,18.81,281.87,Consumo,3229.77,6,3.2,0
322,651.62,555.15,41.44,96.47,Microcrédito,1840.82,18,5.7,0
323,814.21,525.94,39.26,288.27,Consumo,984.14,36,0.1,0
324,819.06,421.62,41.35,397.44,Microcrédito,4610.0,18,1.8,0
325,1391.2,694.17,10.25,697.03,Microcrédito,2172.13,6,4.2,0
326,2104.57,1455.2,76.18,649.37,Microcrédito,12526.63,24,2.7,0
327,2421.94,1274.27,47.56,1147.67,Consumo,3092.69,24,4.9,0
328,2160.3,1401.08,48.64,759.22,Microcrédito,6403.97,24,1.8,1
329,669.34,497.53,25.58,171.81,Microcrédito,3244.48,36,11.0,0
330,350.0,213.55,33.6,136.45,Consumo,622.87,12,1.0,0
331,617.45,238.77,2.0,378.68,Comercial,2025.28,48,1.7,0
332,1029.39,551.6,11.15,477.79,Consumo,4313.53,48,0.5,0
333,1108.32,495.01,51.12,613.31,Microcrédito,6996.04,24,2.5,0
334,1560.28,1123.05,64.86,437.23,Vivienda,22021.13,84,2.8,0
335,959.96,568.92,39.23,391.04,Consumo,3438.18,12,0.4,0
336,873.27,639.5,46.43,233.77,Consumo,1197.95,6,3.3,0
337,1246.44,843.61,35.87,402.83,Comercial,10710.16,60,5.9,0
338,472.12,318.96,2.0,153.16,Consumo,2085.33,12,1.4,1
339,570.16,385.71,54.71,184.45,Consumo,1611.66,12,2.8,0
340,619.77,190.94,25.36,428.83,Vivienda,11469.79,60,2.7,0
341,863.49,351.78,41.24,511.71,Comercial,9884.71,60,4.4,0
342,1456.58,824.57,50.87,632.01,Comercial,13706.27,60,2.1,0
343,410.71,173.82,53.0,236.89,Microcrédito,1789.91,18,5.8,0
344,1153.85,427.98,12.65,725.87,Consumo,4670.33,24,2.9,0
345,1231.48,688.89,55.54,542.59,Microcrédito,8435.65,12,1.2,1
346,1387.89,742.5,44.41,645.39,Microcrédito,9320.47,24,1.1,1
347,427.73,366.81,45.22,60.92,Microcrédito,729.02,12,5.5,0
348,1431.37,426.15,40.19,1005.22,Microcrédito,9418.07,36,9.2,0
349,840.7,376.76,48.01,463.94,Vivienda,18888.77,180,3.6,0
350,1462.06,565.56,15.65,896.5,Consumo,6162.43,6,3.9,0
351,1143.49,694.95,53.03,448.54,Microcrédito,3444.73,18,4.0,0
352,1124.69,541.69,30.7,583.0,Vivienda,32604.59,180,9.5,1
353,658.41,546.82,17.32,111.59,Consumo,1865.47,48,0.4,0
354,1188.46,509.11,39.21,679.35,Microcrédito,2312.09,24,14.4,0
355,869.44,522.3,16.12,347.14,Vivienda,21298.84,60,7.0,0
356,414.35,239.31,53.45,175.04,Microcrédito,1419.38,18,4.9,0
357,1125.07,945.31,55.29,179.76,Microcrédito,3798.18,36,2.1,1
358,1856.58,1049.9,18.01,806.68,Consumo,5912.59,36,1.4,0
359,669.5,384.23,31.22,285.27,Consumo,1722.08,24,3.2,0
360,1294.28,1079.97,69.07,214.31,Vivienda,37989.36,180,4.2,1
361,1125.96,582.48,23.12,543.48,Vivienda,12093.88,84,8.1,0
362,1188.67,698.35,46.63,490.32,Microcrédito,5395.58,18,3.4,0
363,419.6,239.77,57.16,179.83,Consumo,1841.42,12,7.6,0
364,1500.57,1120.23,31.66,380.34,Vivienda,28614.11,60,2.9,0
365,1163.73,780.11,48.08,383.62,Microcrédito,4599.2,12,5.2,0
366,1534.48,548.63,20.25,985.85,Microcrédito,3229.12,36,0.7,0
367,463.48,218.59,12.33,244.89,Consumo,1811.67,12,7.8,0
368,627.56,390.91,8.42,236.65,Microcrédito,3507.94,24,2.7,0
369,1225.92,787.59,31.19,438.33,Consumo,1232.38,18,0.7,0
370,787.12,461.89,58.16,325.23,Microcrédito,1991.6,24,1.0,0
371,1657.47,1130.33,31.63,527.14,Consumo,7347.1,12,2.6,0
372,557.1,406.38,26.97,150.72,Microcrédito,1948.98,18,6.9,0
373,899.7,598.88,19.17,300.82,Consumo,4168.67,12,1.9,0
374,539.7,324.69,7.98,215.01,Microcrédito,2177.67,6,1.2,0
375,1280.8,532.68,23.15,748.12,Vivienda,25621.11,60,1.7,0
376,661.62,515.55,53.7,146.07,Comercial,5713.04,24,4.7,0
377,1558.5,280.53,20.03,1277.97,Consumo,6742.36,48,1.0,0
378,1291.32,796.83,35.6,494.49,Consumo,1928.99,6,13.3,0
379,616.85,370.5,40.64,246.35,Microcrédito,4249.11,24,3.6,0
380,1417.78,968.47,35.9,449.31,Consumo,5226.35,6,10.1,0
381,401.73,247.63,85.75,154.1,Consumo,1133.98,48,0.7,0
382,908.19,585.13,53.99,323.06,Microcrédito,6302.48,6,1.0,0
383,529.74,344.07,39.92,185.67,Consumo,2565.1,48,0.4,1
384,465.37,194.99,42.47,270.38,Consumo,1599.08,36,5.4,0
385,969.16,614.27,64.4,354.89,Vivienda,33787.02,84,4.8,1
386,1405.4,873.45,41.62,531.95,Consumo,4262.6,12,3.5,0
387,1534.63,835.36,57.19,699.27,Microcrédito,9601.45,18,6.7,0
388,1092.56,251.09,48.78,841.47,Microcrédito,3302.88,24,4.9,0
389,691.92,514.54,5.37,177.38,Microcrédito,2787.08,6,1.5,0
390,593.47,353.59,67.5,239.88,Vivienda,18320.1,84,7.7,1
391,979.85,625.26,35.89,354.59,Consumo,4899.24,24,3.3,0
392,1698.5,1561.42,39.5,137.08,Vivienda,17035.19,120,3.3,0
393,709.99,483.39,31.07,226.6,Microcrédito,2003.47,24,4.8,0
394,1065.45,666.41,18.27,399.04,Vivienda,36747.33,240,3.3,1
395,1246.48,621.88,41.13,624.6,Microcrédito,7073.39,18,4.2,0
396,707.9,416.58,10.74,291.32,Consumo,2406.73,18,4.4,0
397,466.59,237.5,20.76,229.09,Microcrédito,2348.46,6,7.2,1
398,2452.56,1470.55,35.29,982.01,Consumo,6929.98,12,4.4,0
399,582.45,341.91,25.46,240.54,Consumo,1387.99,24,1.3,0
400,1056.41,448.6,55.7,607.81,Microcrédito,7032.74,6,7.4,0
401,413.64,254.04,32.85,159.6,Consumo,1032.54,18,3.0,1
402,453.51,175.2,18.23,278.31,Vivienda,6353.9,60,8.0,0
403,654.23,364.82,48.29,289.41,Microcrédito,2663.8,6,4.1,0
404,928.42,527.05,29.53,401.37,Consumo,2582.43,24,4.4,0
405,988.5,623.77,18.7,364.73,Microcrédito,4590.29,36,2.2,0
406,651.2,193.58,10.66,457.62,Consumo,2145.75,48,6.2,0
407,849.47,533.98,21.17,315.49,Vivienda,11898.28,84,8.4,0
408,693.71,536.43,50.65,157.28,Consumo,2168.41,36,1.7,1
409,2766.81,1671.21,43.49,1095.6,Consumo,10007.83,6,6.4,0
410,949.26,494.49,78.35,454.77,Vivienda,24960.5,120,1.0,1
411,1113.88,664.31,29.04,449.57,Microcrédito,6790.01,24,1.8,0
412,880.94,656.45,40.46,224.49,Consumo,4397.45,12,4.0,0
413,725.04,448.42,36.16,276.62,Microcrédito,3487.77,24,0.9,0
414,765.94,562.23,36.26,203.71,Microcrédito,4961.54,6,7.6,0
415,352.43,243.85,12.55,108.58,Consumo,774.63,12,8.5,0
416,1062.09,636.37,28.06,425.72,Consumo,1444.17,18,3.8,0
417,1820.63,851.21,37.54,969.42,Microcrédito,12075.62,36,0.4,1
418,1465.84,692.1,2.3,773.74,Microcrédito,7150.57,6,1.6,0
419,1226.17,969.7,31.61,256.47,Microcrédito,6807.42,36,6.3,1
420,806.14,453.0,25.37,353.14,Consumo,1095.1,48,1.5,0
421,631.55,268.92,9.73,362.63,Comercial,3882.55,60,1.4,0
422,1440.36,681.21,48.3,759.15,Microcrédito,9468.59,24,3.8,0
423,1240.72,563.47,31.84,677.25,Microcrédito,1908.73,18,3.6,0
424,847.59,489.61,15.78,357.98,Microcrédito,3295.86,36,6.9,0
425,568.89,454.43,62.31,114.46,Microcrédito,2345.25,24,6.3,1
426,1333.62,540.99,34.53,792.63,Microcrédito,2517.17,6,3.0,0
427,1384.67,457.38,63.98,927.29,Consumo,6151.9,12,4.9,0
428,697.78,415.38,77.19,282.4,Comercial,4334.74,12,3.9,0
429,1426.38,1038.41,25.24,387.97,Consumo,2838.74,24,4.1,0
430,1370.84,672.56,46.39,698.28,Vivienda,30183.42,60,1.3,0
431,573.08,405.15,20.21,167.93,Microcrédito,745.36,12,2.9,0
432,810.08,498.69,50.69,311.39,Vivienda,7051.26,60,1.4,1
433,902.88,652.84,75.46,250.04,Consumo,4101.63,36,4.2,1
434,417.02,228.03,43.67,188.99,Consumo,1788.29,36,9.2,0
435,533.29,364.24,20.72,169.05,Microcrédito,1051.6,18,4.2,0
436,920.21,393.04,36.05,527.17,Microcrédito,4413.24,24,0.4,0
437,350.0,134.86,42.72,215.14,Microcrédito,1812.49,6,1.0,0
438,1257.33,285.23,49.64,972.1,Consumo,1585.77,12,5.8,0
439,915.79,245.57,2.0,670.22,Microcrédito,4095.64,24,6.9,0
440,459.51,233.53,55.29,225.98,Consumo,1292.72,24,8.4,0
441,1217.1,838.25,29.85,378.85,Consumo,2058.6,48,14.2,0
442,1173.91,367.23,27.03,806.68,Consumo,3811.29,18,1.2,0
443,350.0,241.58,6.34,108.42,Consumo,1680.53,18,2.1,0
444,730.98,454.14,12.61,276.84,Consumo,792.18,12,4.7,1
445,555.85,217.13,10.66,338.72,Vivienda,6162.19,84,1.4,0
446,595.06,516.41,39.36,78.65,Microcrédito,3045.21,18,1.8,0
447,935.7,441.44,39.31,494.26,Consumo,4207.07,36,4.8,0
448,656.64,389.01,72.32,267.63,Consumo,2720.73,48,5.4,0
449,858.65,391.77,7.47,466.88,Consumo,1156.81,48,2.0,0
450,1104.23,1014.98,49.71,89.25,Microcrédito,2863.09,36,4.3,0
451,951.05,789.31,29.93,161.74,Microcrédito,6323.8,12,6.9,0
452,1342.72,454.99,34.23,887.73,Consumo,2914.84,48,11.1,0
453,1059.17,523.37,68.34,535.8,Consumo,1195.04,24,5.2,0
454,839.15,329.14,11.87,510.01,Comercial,3870.51,36,4.1,0
455,818.04,537.65,59.43,280.39,Microcrédito,4860.44,36,3.4,0
456,350.0,152.04,17.41,197.96,Consumo,1541.82,36,4.4,0
457,671.75,291.63,55.87,380.12,Microcrédito,1751.85,6,3.7,0
458,669.03,364.84,49.71,304.19,Vivienda,10994.97,240,3.9,0
459,899.88,532.99,34.1,366.89,Microcrédito,2018.0,36,3.5,0
460,634.74,442.07,29.85,192.67,Vivienda,20513.71,60,2.8,0
461,999.17,611.8,38.17,387.37,Microcrédito,4403.97,18,5.8,0
462,949.22,275.9,63.81,673.32,Microcrédito,1338.1,18,4.3,0
463,950.14,587.99,33.84,362.15,Microcrédito,1798.98,12,1.4,0
464,1123.94,866.93,27.52,257.01,Consumo,2891.9,6,1.5,0
465,855.79,320.57,50.54,535.22,Microcrédito,5819.95,18,3.9,0
466,879.31,417.47,23.07,461.84,Consumo,1338.44,6,4.5,0
467,561.94,273.76,20.69,288.18,Consumo,1844.77,12,2.0,0
468,954.65,625.5,15.13,329.15,Consumo,2262.19,18,1.4,0
469,1206.13,655.33,35.45,550.8,Comercial,4397.64,60,2.7,0
470,441.29,388.33,24.79,52.96,Microcrédito,562.89,36,5.2,0
471,1132.78,1019.3,29.29,113.48,Consumo,1765.73,48,0.3,0
472,739.77,284.44,39.23,455.33,Comercial,1983.07,36,2.0,0
473,547.08,318.18,43.6,228.9,Consumo,628.42,24,5.2,0
474,1131.48,670.81,2.0,460.67,Comercial,2963.99,12,4.5,0
475,528.35,184.42,34.83,343.93,Consumo,2083.65,18,3.0,1
476,1541.93,859.42,36.22,682.51,Microcrédito,7377.82,24,0.6,1
477,829.5,639.65,44.32,189.85,Vivienda,25693.55,60,3.4,1
478,378.57,136.06,26.8,242.51,Vivienda,3150.97,180,7.9,0
479,467.84,264.41,81.81,203.43,Microcrédito,3257.32,12,2.1,0
480,1171.75,656.47,2.0,515.28,Consumo,1819.16,12,3.0,0
481,660.71,335.23,27.67,325.48,Microcrédito,4176.25,18,9.0,1
482,1212.54,822.56,7.44,389.98,Vivienda,18692.83,60,5.3,0
483,967.36,426.07,2.0,541.29,Consumo,1355.52,12,5.5,0
484,491.9,88.54,21.17,403.36,Microcrédito,2371.34,12,6.0,0
485,1407.28,755.49,19.35,651.79,Consumo,4857.78,24,5.2,0
486,806.84,523.37,23.12,283.47,Consumo,3041.78,18,1.9,1
487,2100.95,1400.91,70.52,700.04,Consumo,6414.55,24,7.5,0
488,735.73,320.28,16.99,415.45,Consumo,2247.01,24,3.2,0
489,1603.69,691.16,19.01,912.53,Consumo,3347.38,6,6.7,0
490,1206.08,737.88,37.48,468.2,Microcrédito,2608.64,24,4.6,0
491,4500.0,2834.47,18.12,1665.53,Consumo,14898.83,48,3.4,0
492,1081.41,537.84,26.24,543.57,Microcrédito,4250.54,18,0.5,0
493,1197.32,858.67,57.91,338.65,Consumo,1981.53,48,2.2,0
494,560.98,424.15,35.85,136.83,Vivienda,5460.45,60,1.2,0
495,667.15,429.27,6.22,237.88,Vivienda,15434.51,84,11.2,0
496,983.22,624.72,51.7,358.5,Microcrédito,1860.56,12,4.2,0
497,1086.9,812.26,45.14,274.64,Comercial,8631.66,60,7.4,0
498,878.19,487.88,43.35,390.31,Consumo,1606.56,24,6.7,0
499,1263.42,227.42,81.11,1036.0,Consumo,2947.55,48,3.5,0
500,900.66,598.63,41.71,302.03,Consumo,1276.42,36,8.5,0
501,1369.31,774.66,28.79,594.65,Microcrédito,4734.94,12,1.7,0
502,2359.84,1172.84,27.78,1187.0,Microcrédito,15596.48,6,5.9,0
503,1026.42,447.37,50.62,579.05,Vivienda,9555.18,120,7.2,0
504,536.93,401.94,21.69,134.99,Microcrédito,2858.01,6,4.4,0
505,1015.93,290.51,51.33,725.42,Comercial,10529.8,60,10.0,0
506,572.18,353.87,49.62,218.31,Microcrédito,1740.66,36,2.5,0
507,496.97,190.57,2.43,306.4,Comercial,5627.22,36,3.6,0
508,752.39,481.44,25.56,270.95,Microcrédito,1609.65,24,2.3,0
509,1362.72,1007.36,33.75,355.36,Consumo,2513.92,48,3.5,0
510,721.63,370.82,24.07,350.81,Consumo,2786.5,18,6.3,0
511,781.06,615.46,47.21,165.6,Consumo,2270.59,48,2.0,0
512,2218.74,1560.14,52.27,658.6,Vivienda,60000.0,84,4.7,0
513,1005.09,584.09,39.27,421.0,Consumo,3943.53,24,1.7,0
514,990.46,782.51,44.01,207.95,Consumo,4285.12,48,9.2,0
515,1637.5,823.47,24.81,814.03,Consumo,4684.29,12,5.1,0
516,2054.55,1187.63,43.89,866.92,Microcrédito,13267.11,12,1.4,0
517,465.43,179.79,28.48,285.64,Consumo,1382.62,18,0.8,0
518,2290.87,997.85,7.51,1293.02,Consumo,7862.33,48,7.6,0
519,1273.34,924.96,53.7,348.38,Vivienda,16837.76,240,2.4,0
520,2019.32,1036.54,37.57,982.78,Consumo,7288.72,6,10.2,0
521,856.03,321.58,66.85,534.45,Microcrédito,2999.65,6,0.8,0
522,1429.19,1357.73,63.13,71.46,Microcrédito,3101.29,18,1.3,1
523,990.39,688.33,66.47,302.06,Consumo,2216.16,18,5.7,0
524,1585.58,1097.1,23.24,488.48,Consumo,2137.63,36,5.9,0
525,887.66,494.9,33.02,392.76,Consumo,2606.85,48,4.3,0
526,378.0,167.32,27.0,210.68,Consumo,1339.49,48,1.6,0
527,1802.96,523.84,6.38,1279.12,Microcrédito,9768.37,36,2.2,0
528,858.36,663.48,27.06,194.88,Consumo,2783.78,36,8.3,0
529,1303.18,448.41,25.78,854.77,Microcrédito,4443.9,6,8.3,0
530,777.84,538.77,44.15,239.07,Consumo,1083.82,6,0.4,0
531,645.31,424.93,38.73,220.38,Consumo,1987.46,24,12.3,1
532,497.62,142.43,2.0,355.19,Microcrédito,1785.09,18,6.8,0
533,1392.7,992.27,21.43,400.43,Consumo,4288.35,36,9.3,0
534,968.83,489.1,42.53,479.73,Vivienda,15165.65,84,3.4,0
535,684.44,309.81,35.77,374.63,Consumo,3092.88,36,7.3,0
536,2528.36,646.65,35.39,1881.71,Consumo,7978.92,12,0.8,0
537,1104.91,857.87,5.81,247.04,Microcrédito,3953.35,6,0.8,0
538,1604.33,1005.17,64.91,599.16,Consumo,3630.16,48,1.3,0
539,1317.04,716.39,29.06,600.65,Microcrédito,4856.4,18,9.8,0
540,1025.62,380.2,22.34,645.42,Consumo,2697.84,12,2.9,0
541,547.38,271.55,49.58,275.83,Consumo,1707.92,18,1.6,1
542,542.19,296.47,52.19,245.72,Microcrédito,2195.93,36,2.2,0
543,1393.67,1078.57,37.1,315.1,Microcrédito,2066.5,12,4.2,0
544,727.24,525.89,46.79,201.35,Microcrédito,3811.26,24,6.0,1
545,471.71,185.57,36.6,286.14,Microcrédito,2745.88,24,6.6,0
546,509.64,209.05,44.94,300.59,Consumo,957.3,48,7.4,0
547,1553.9,786.8,39.21,767.1,Comercial,13724.06,24,6.7,0
548,1111.77,799.9,19.51,311.87,Consumo,1687.4,18,4.9,0
549,855.97,634.03,65.22,221.94,Vivienda,23328.11,60,2.4,1
550,1035.89,596.51,31.64,439.38,Microcrédito,3889.12,18,3.0,0
551,1208.02,320.01,2.0,888.01,Consumo,1262.18,48,2.0,0
552,474.24,206.64,49.82,267.6,Vivienda,5423.86,60,11.4,0
553,1271.02,716.11,50.33,554.91,Microcrédito,4180.75,12,5.5,0
554,1767.89,849.05,18.46,918.84,Microcrédito,8528.77,6,1.9,0
555,500.2,375.52,86.71,124.68,Microcrédito,3115.63,6,3.8,0
556,1708.98,701.95,29.04,1007.03,Consumo,8196.79,6,1.9,0
557,397.71,180.61,26.36,217.1,Consumo,1770.06,24,3.5,0
558,942.48,417.97,55.1,524.51,Vivienda,19517.46,120,6.7,0
559,382.85,340.53,45.88,42.32,Consumo,427.99,12,3.0,0
560,578.04,230.51,44.26,347.53,Vivienda,8418.83,240,3.0,0
561,992.69,484.35,31.01,508.34,Consumo,3396.92,48,12.1,0
562,906.18,463.29,28.97,442.89,Vivienda,29663.87,60,2.7,0
563,2889.7,1179.38,51.93,1710.32,Consumo,8366.89,6,1.0,0
564,406.99,156.64,55.01,250.35,Consumo,734.76,24,11.3,0
565,464.39,160.43,28.83,303.96,Microcrédito,817.64,36,4.5,0
566,1789.55,1483.52,30.36,306.03,Microcrédito,7723.31,24,8.4,0
567,919.04,765.08,35.35,153.96,Consumo,1536.46,6,4.9,0
568,2854.89,1685.16,22.33,1169.73,Consumo,12662.31,18,5.8,0
569,892.13,492.46,26.19,399.67,Consumo,4426.62,12,5.8,0
570,376.47,288.97,49.52,87.5,Microcrédito,1966.56,36,3.1,1
571,1185.66,528.84,56.76,656.82,Consumo,3368.67,12,1.4,0
572,1157.5,735.93,52.11,421.57,Microcrédito,3949.1,36,6.2,0
573,558.76,323.9,66.37,234.86,Microcrédito,2080.3,12,7.0,0
574,921.56,518.74,42.88,402.82,Consumo,1580.29,18,5.5,0
575,1085.58,614.02,34.72,471.56,Consumo,5282.1,24,10.3,0
576,610.19,323.45,4.06,286.74,Consumo,2780.76,36,5.2,0
577,1389.52,964.34,43.57,425.18,Consumo,2887.65,24,10.6,0
578,944.15,403.1,12.31,541.05,Consumo,2554.74,18,2.4,0
579,2029.97,406.94,18.01,1623.03,Consumo,10113.37,36,6.9,0
580,763.33,479.82,23.52,283.51,Consumo,3435.19,12,10.1,0
581,968.76,285.04,45.32,683.72,Consumo,1878.75,48,1.1,0
582,1689.97,987.45,35.52,702.52,Consumo,4170.82,18,3.9,0
583,1470.84,975.72,53.74,495.12,Consumo,3356.19,36,7.1,0
584,966.83,453.64,32.6,513.19,Microcrédito,4384.49,18,6.4,0
585,1402.43,677.28,42.65,725.15,Consumo,2755.33,48,13.3,0
586,796.26,309.6,26.51,486.66,Vivienda,20266.91,60,6.8,0
587,1034.84,474.89,26.14,559.95,Consumo,2418.93,6,11.1,0
588,1183.47,750.59,55.63,432.88,Microcrédito,2801.17,24,1.7,0
589,665.1,328.16,7.05,336.94,Consumo,2814.98,48,7.8,0
590,1597.76,736.48,7.66,861.28,Microcrédito,3530.83,6,3.0,0
591,1328.15,882.4,21.31,445.75,Consumo,2364.66,48,0.4,0
592,508.18,227.25,31.82,280.93,Microcrédito,1299.82,12,0.5,0
593,507.54,351.49,25.19,156.05,Microcrédito,1764.56,18,7.5,0
594,758.01,368.92,34.36,389.09,Microcrédito,4301.25,18,7.8,0
595,1172.37,698.25,41.95,474.12,Microcrédito,5034.7,36,3.8,0
596,539.67,375.11,22.27,164.56,Consumo,1187.31,48,4.3,1
597,610.07,282.64,18.36,327.43,Consumo,2831.36,24,3.6,0
598,442.4,367.83,60.5,74.57,Consumo,1163.18,18,3.4,1
599,767.12,465.05,19.59,302.07,Consumo,2213.34,6,1.9,0
600,2327.86,1179.05,27.93,1148.81,Consumo,4818.11,36,2.8,0
601,2804.53,1067.54,36.23,1736.99,Consumo,6463.21,48,0.6,0
602,1024.34,291.28,23.98,733.06,Consumo,4615.26,48,10.5,0
603,670.18,574.41,59.28,95.77,Vivienda,14517.89,240,3.2,1
604,1216.56,817.42,59.77,399.14,Microcrédito,3334.47,36,13.6,0
605,475.63,315.62,13.02,160.01,Consumo,1795.42,36,16.0,0
606,1080.63,407.65,38.26,672.98,Consumo,4450.83,18,2.2,0
607,2371.22,1468.53,67.6,902.69,Microcrédito,13441.73,36,10.8,0
608,1865.84,939.63,65.69,926.21,Vivienda,26624.49,120,3.2,0
609,522.36,136.04,8.31,386.32,Microcrédito,2921.14,36,8.6,0
610,1436.33,1208.8,23.9,227.53,Vivienda,27568.13,120,3.6,1
611,1382.52,361.88,22.44,1020.64,Microcrédito,5811.0,36,6.2,0
612,1003.85,953.66,28.1,50.19,Microcrédito,3821.14,24,16.7,0
613,936.23,433.92,44.71,502.31,Consumo,4087.24,6,6.6,0
614,371.48,277.06,34.79,94.42,Consumo,1173.0,12,3.0,0
615,1329.27,368.94,52.7,960.33,Consumo,2577.73,6,2.8,0
616,979.32,623.94,64.27,355.38,Microcrédito,1823.3,12,8.1,0
617,1809.44,325.7,30.04,1483.74,Microcrédito,8588.99,12,11.6,0
618,583.68,160.75,13.71,422.93,Microcrédito,2069.6,36,8.1,0
619,996.76,620.14,39.22,376.62,Microcrédito,6690.58,12,1.2,0
620,1375.55,1306.77,26.47,68.78,Consumo,2079.4,24,1.6,0
621,456.63,268.45,13.01,188.18,Microcrédito,761.92,12,4.1,0
622,1295.39,762.42,57.14,532.97,Consumo,5112.98,18,2.6,0
623,420.46,267.71,29.07,152.75,Vivienda,10944.54,240,1.3,0
624,797.52,514.61,33.48,282.91,Microcrédito,5280.31,36,13.5,0
625,1169.0,655.67,54.5,513.33,Microcrédito,6342.27,6,6.2,1
626,533.8,185.54,56.06,348.26,Consumo,1599.7,24,0.9,0
627,1955.79,1328.72,61.01,627.07,Consumo,6663.7,48,5.9,0
628,1612.79,894.11,66.2,718.68,Microcrédito,11270.52,12,2.3,0
629,945.6,674.21,29.1,271.39,Microcrédito,1199.61,6,5.8,0
630,1839.69,965.42,45.87,874.27,Microcrédito,3612.99,6,2.9,0
631,649.88,275.02,10.38,374.86,Consumo,819.5,18,1.0,0
632,1561.36,634.76,44.45,926.6,Vivienda,53608.39,180,2.3,0
633,1417.99,937.74,44.96,480.25,Microcrédito,5046.48,12,3.2,0
634,840.18,418.72,21.65,421.46,Microcrédito,3353.33,12,1.7,0
635,994.53,626.5,42.23,368.03,Microcrédito,2203.19,24,7.6,1
636,1588.38,750.86,22.23,837.52,Microcrédito,6695.38,18,5.7,0
637,724.83,288.29,50.09,436.54,Microcrédito,3743.64,6,1.7,0
638,528.04,390.02,6.05,138.02,Microcrédito,1122.32,24,2.8,0
639,1617.34,678.1,5.11,939.24,Consumo,3081.07,18,3.6,0
640,988.24,489.85,52.64,498.39,Comercial,4646.08,48,1.2,0
641,1960.2,897.89,5.94,1062.31,Consumo,3460.77,24,5.4,0
642,1511.1,982.05,28.76,529.05,Consumo,5582.07,24,5.5,0
643,1519.87,684.01,30.99,835.86,Consumo,2663.94,36,3.6,0
644,1749.13,1316.62,40.73,432.51,Microcrédito,4161.63,36,5.7,0
645,1978.34,1463.39,46.14,514.95,Consumo,6292.78,6,2.3,0
646,1644.05,924.04,38.58,720.01,Microcrédito,3222.52,18,0.3,0
647,1724.47,505.01,18.64,1219.46,Microcrédito,7619.82,36,8.1,0
648,787.29,422.67,40.14,364.62,Microcrédito,3771.77,12,17.2,0
649,945.92,618.27,24.27,327.65,Microcrédito,1698.4,12,2.1,0
650,2324.36,1756.69,54.88,567.67,Microcrédito,8335.11,6,7.6,0
651,682.23,259.81,24.8,422.42,Consumo,2056.35,6,7.0,0
652,704.69,421.5,31.28,283.19,Consumo,1113.34,48,0.2,0
653,625.53,381.98,24.13,243.55,Consumo,2373.16,12,0.6,0
654,1336.18,863.31,2.0,472.87,Vivienda,18982.7,120,17.3,0
655,1233.73,690.02,44.9,543.71,Vivienda,36870.78,60,5.4,0
656,644.66,538.7,20.87,105.96,Microcrédito,2028.69,6,2.3,0
657,947.6,742.04,13.65,205.56,Consumo,4593.76,36,6.3,0
658,912.19,730.59,42.19,181.6,Consumo,1942.18,24,2.0,0
659,916.7,738.38,46.21,178.32,Consumo,1761.11,6,7.9,0
660,1045.14,735.32,27.91,309.82,Vivienda,18024.13,60,1.0,0
661,904.95,406.62,48.09,498.33,Consumo,3474.28,12,1.1,0
662,910.37,163.87,25.22,746.5,Microcrédito,1578.58,6,4.4,0
663,817.77,465.32,42.99,352.45,Vivienda,24079.89,180,7.1,1
664,350.0,197.33,44.0,152.67,Consumo,1393.61,18,6.9,0
665,860.22,283.46,44.69,576.76,Microcrédito,3706.46,6,4.0,0
666,658.3,303.29,60.76,355.01,Consumo,778.0,6,2.0,0
667,614.86,315.92,60.08,298.94,Microcrédito,1846.0,24,1.7,0
668,1810.68,1379.94,14.8,430.74,Consumo,8334.16,24,1.9,0
669,656.27,436.15,22.27,220.12,Consumo,751.03,36,4.8,1
670,1911.27,1095.13,23.63,816.14,Microcrédito,9758.36,6,12.1,0
671,1713.33,920.37,59.26,792.96,Consumo,5284.11,12,11.5,0
672,857.24,470.19,29.59,387.05,Microcrédito,4675.93,6,1.8,0
673,1115.08,407.82,13.9,707.26,Vivienda,36129.44,120,5.1,0
674,1115.49,470.99,48.2,644.5,Vivienda,9036.86,60,0.9,0
675,1450.95,399.97,6.81,1050.98,Comercial,4331.86,36,4.0,0
676,747.21,639.03,55.8,108.18,Microcrédito,3668.79,18,2.1,0
677,840.23,227.98,30.65,612.25,Consumo,2223.55,18,6.8,0
678,3093.65,1667.75,21.58,1425.9,Consumo,7149.14,24,5.6,0
679,668.9,364.96,8.41,303.94,Consumo,679.1,18,1.7,0
680,756.47,230.56,38.82,525.91,Consumo,2451.98,12,2.1,0
681,1937.15,739.95,26.04,1197.2,Microcrédito,4500.11,12,4.7,0
682,806.21,651.51,82.27,154.7,Consumo,1297.67,36,2.7,1
683,1286.99,778.21,35.72,508.78,Microcrédito,5362.33,24,0.7,0
684,2542.1,1755.99,11.2,786.11,Consumo,5005.62,18,10.2,0
685,847.94,395.04,16.68,452.9,Vivienda,8846.59,120,0.6,0
686,1430.78,860.83,32.79,569.95,Microcrédito,3135.24,36,5.4,0
687,1275.29,856.06,29.08,419.23,Microcrédito,8061.91,12,4.7,0
688,350.15,104.24,46.85,245.91,Microcrédito,1534.44,12,4.1,0
689,421.1,179.58,2.0,241.52,Vivienda,9926.98,240,2.7,0
690,1516.83,1093.53,45.74,423.3,Comercial,11744.33,36,1.0,0
691,1747.34,1439.77,39.17,307.57,Microcrédito,7170.69,24,7.5,0
692,737.5,268.01,41.27,469.49,Consumo,3659.13,48,10.0,0
693,609.79,293.9,12.47,315.89,Consumo,2786.38,18,2.5,0
694,941.05,609.61,44.07,331.44,Consumo,2043.1,48,1.9,0
695,764.42,717.3,47.67,47.12,Microcrédito,1526.04,24,6.6,0
696,675.94,342.94,21.1,333.0,Comercial,5383.75,12,5.4,0
697,1086.53,607.76,38.43,478.77,Consumo,5344.69,12,1.4,0
698,1533.11,1111.67,22.91,421.44,Microcrédito,5928.66,36,3.6,0
699,910.16,454.56,46.9,455.6,Microcrédito,5369.18,36,9.8,0
700,1256.69,577.03,32.4,679.66,Consumo,3529.85,12,5.6,0
701,1813.26,1722.6,32.18,90.66,Consumo,5764.16,36,6.9,0
702,705.36,454.34,31.04,251.02,Consumo,1244.96,24,1.7,0
703,1397.43,1081.32,54.32,316.11,Microcrédito,9333.65,24,2.3,1
704,834.55,261.47,40.5,573.08,Consumo,3539.03,24,5.8,0
705,2681.11,1428.38,2.0,1252.73,Consumo,9188.47,48,5.1,0
706,751.86,184.82,24.96,567.04,Vivienda,15165.09,180,12.6,0
707,632.02,346.74,27.42,285.28,Microcrédito,3761.19,24,7.1,0
708,944.59,733.42,52.63,211.17,Vivienda,19814.74,120,3.7,0
709,670.43,245.31,30.07,425.12,Consumo,1561.51,6,0.2,0
710,762.43,536.88,22.97,225.55,Vivienda,23327.03,180,1.4,0
711,350.0,155.17,38.82,194.83,Consumo,915.12,12,1.9,1
712,973.03,484.42,75.82,488.61,Microcrédito,1632.69,12,3.6,0
713,2669.71,1169.4,16.87,1500.31,Microcrédito,8693.7,36,3.6,0
714,1484.73,1077.02,20.6,407.71,Consumo,7350.51,12,7.2,0
715,1256.8,1081.31,59.91,175.49,Vivienda,17973.02,84,16.6,0
716,2584.61,1392.51,23.57,1192.1,Consumo,9297.94,6,1.0,0
717,835.42,420.06,72.46,415.36,Microcrédito,2964.22,18,1.7,0
718,978.97,697.24,2.0,281.73,Consumo,2078.31,48,2.2,0
719,2221.87,947.99,56.4,1273.88,Consumo,8920.91,6,1.9,0
720,571.66,220.24,27.84,351.42,Consumo,1132.16,6,2.1,0
721,561.34,304.48,54.88,256.86,Microcrédito,2400.53,18,2.7,0
722,615.58,519.81,63.79,95.77,Consumo,2485.79,48,0.8,0
723,1429.17,1014.31,36.33,414.86,Comercial,3103.68,48,3.2,0
724,350.0,151.1,18.79,198.9,Consumo,1675.94,24,6.0,0
725,1050.2,796.23,32.27,253.97,Microcrédito,1548.55,18,5.3,0
726,2274.39,1418.12,25.14,856.27,Vivienda,57341.86,84,2.2,0
727,586.63,164.44,55.61,422.19,Consumo,2436.44,6,4.8,0
728,1339.82,479.57,17.77,860.25,Comercial,5914.1,12,3.5,0
729,636.57,382.49,67.36,254.08,Microcrédito,2364.97,12,9.8,0
730,978.89,656.72,18.02,322.17,Microcrédito,5432.89,12,2.8,1
731,1650.3,1184.51,45.59,465.79,Microcrédito,9000.19,6,0.7,0
732,948.72,589.33,27.3,359.39,Microcrédito,4955.83,36,6.7,0
733,857.85,354.1,36.41,503.75,Consumo,4061.22,48,2.9,0
734,350.0,212.75,23.93,137.25,Consumo,1296.36,24,8.2,0
735,997.23,541.32,32.19,455.91,Vivienda,18510.41,240,6.6,0
736,465.14,173.15,2.0,291.99,Microcrédito,1378.73,36,2.0,0
737,1228.25,734.24,17.76,494.01,Microcrédito,4490.01,18,5.1,0
738,811.57,255.71,50.27,555.86,Microcrédito,3183.56,6,4.3,0
739,1367.55,938.09,70.59,429.46,Microcrédito,9269.74,12,9.3,1
740,2224.23,1226.57,39.58,997.66,Consumo,3743.91,12,6.6,0
741,1185.43,326.02,31.9,859.41,Vivienda,19980.8,120,6.4,1
742,804.8,609.09,46.09,195.71,Microcrédito,3493.63,24,0.9,1
743,386.34,174.27,32.66,212.07,Consumo,1513.38,36,4.8,0
744,573.45,402.87,17.57,170.58,Consumo,2262.29,24,8.4,0
745,580.96,546.99,54.53,33.97,Microcrédito,1536.5,18,4.4,0
746,820.85,180.79,2.0,640.06,Consumo,1257.73,48,3.5,0
747,661.24,438.33,40.26,222.91,Microcrédito,1742.65,6,3.7,1
748,917.91,348.76,27.02,569.15,Comercial,8877.44,24,2.9,0
749,614.71,233.57,15.87,381.14,Consumo,2675.49,48,3.8,0
750,971.18,719.48,36.61,251.7,Consumo,1352.23,36,1.7,0
751,928.16,502.4,49.72,425.76,Vivienda,8117.2,60,7.7,1
752,796.58,220.98,17.36,575.6,Consumo,2983.07,48,4.8,0
753,1255.06,381.33,18.13,873.73,Microcrédito,5195.93,24,2.2,0
754,819.33,407.19,21.07,412.14,Consumo,4096.44,12,4.8,0
755,3632.86,1950.97,35.01,1681.89,Consumo,10349.56,48,2.2,0
756,617.15,192.36,8.59,424.79,Consumo,646.22,24,12.2,0
757,350.0,234.51,35.95,115.49,Microcrédito,1651.96,36,10.2,0
758,1451.89,728.49,35.02,723.4,Vivienda,33175.73,180,9.4,0
759,963.71,504.25,2.0,459.46,Consumo,2874.89,48,5.0,0
760,1241.01,766.22,41.71,474.79,Vivienda,28163.06,60,4.8,0
761,1128.39,683.34,46.68,445.05,Vivienda,36242.82,84,6.6,0
762,361.37,166.04,32.67,195.33,Consumo,864.78,36,4.6,1
763,777.53,361.54,27.53,415.99,Microcrédito,2192.68,6,0.7,1
764,1521.09,873.59,29.62,647.5,Consumo,2225.95,24,2.8,0
765,1788.78,923.22,48.7,865.56,Microcrédito,5782.26,6,3.0,0
766,401.39,283.17,56.04,118.22,Vivienda,11283.33,84,1.9,1
767,646.68,220.15,28.93,426.53,Consumo,1865.8,6,3.0,0
768,601.9,291.39,48.61,310.51,Microcrédito,2764.87,18,2.2,0
769,624.5,493.5,45.1,131.0,Consumo,2565.62,6,0.9,0
770,1714.51,661.42,33.55,1053.09,Microcrédito,9268.33,36,6.4,0
771,780.19,560.8,34.32,219.39,Microcrédito,3864.72,6,0.3,0
772,1306.13,691.31,11.34,614.82,Consumo,6378.66,18,0.7,1
773,350.0,204.67,29.17,145.33,Microcrédito,1711.95,36,1.9,0
774,830.25,384.04,13.51,446.21,Vivienda,28102.33,240,3.1,0
775,1338.3,621.26,53.45,717.04,Microcrédito,5279.89,6,7.5,0
776,1241.68,643.13,25.18,598.55,Consumo,3973.06,48,2.3,0
777,578.7,382.16,36.24,196.54,Microcrédito,2487.43,6,7.6,0
778,649.7,308.08,22.84,341.62,Consumo,2314.01,12,4.2,0
779,435.35,297.35,28.66,138.0,Microcrédito,2317.28,12,2.1,1
780,890.86,486.0,44.05,404.86,Vivienda,25894.28,60,11.2,0
781,988.54,619.6,52.25,368.94,Vivienda,9585.2,84,3.6,1
782,2184.2,1133.58,35.24,1050.62,Consumo,4218.98,6,2.6,0
783,1068.51,770.16,20.21,298.35,Microcrédito,3176.36,18,7.4,0
784,1744.51,894.66,22.22,849.85,Consumo,4472.81,6,2.5,0
785,1390.48,529.2,10.75,861.28,Consumo,5057.52,24,3.9,0
786,404.37,221.4,29.03,182.97,Consumo,1826.75,18,1.3,0
787,1347.57,856.49,37.61,491.08,Microcrédito,2632.13,6,0.9,0
788,932.48,642.25,27.75,290.23,Vivienda,22273.97,84,1.1,1
789,870.14,490.15,36.91,379.99,Microcrédito,4606.34,36,1.2,0
790,959.2,172.66,32.2,786.54,Consumo,1968.53,6,2.5,0
791,1597.78,1022.69,15.01,575.09,Consumo,4445.14,24,5.1,0
792,2123.98,826.6,31.67,1297.38,Microcrédito,2585.56,12,1.5,0
793,583.51,414.52,32.34,168.99,Consumo,1228.59,6,0.9,0
794,1391.83,1090.66,42.75,301.17,Consumo,1592.85,36,1.6,0
795,1205.78,627.51,15.92,578.27,Consumo,4365.61,12,11.8,0
796,740.42,402.18,60.02,338.24,Consumo,1612.13,36,2.6,0
797,1036.42,698.14,19.21,338.28,Vivienda,35609.31,120,2.4,1
798,797.35,240.75,38.02,556.6,Consumo,2774.64,24,1.8,0
799,2228.9,1565.09,46.97,663.81,Consumo,4386.99,48,4.3,0
800,806.08,437.57,32.48,368.51,Microcrédito,3064.61,12,2.7,0
801,2617.74,1560.96,34.79,1056.78,Microcrédito,17493.02,24,2.9,0
802,642.23,425.23,43.57,217.0,Comercial,5295.74,36,0.7,0
803,1122.8,1039.49,35.08,83.31,Microcrédito,3002.69,12,12.7,0
804,1512.85,775.82,23.5,737.03,Consumo,4004.57,48,5.5,0
805,568.49,368.06,35.67,200.43,Consumo,585.3,12,8.0,0
806,1168.94,908.79,79.16,260.15,Microcrédito,4481.35,24,3.6,0
807,1176.88,638.19,40.46,538.69,Microcrédito,1908.13,6,2.0,0
808,648.3,365.2,37.32,283.1,Consumo,3036.43,48,4.1,0
809,1611.95,527.14,52.53,1084.81,Comercial,12943.93,24,3.8,0
810,1034.56,505.01,55.07,529.55,Microcrédito,4340.46,24,3.4,0
811,467.06,301.84,49.45,165.22,Microcrédito,2032.92,12,2.5,0
812,2002.04,1314.11,68.02,687.93,Microcrédito,4233.2,24,2.8,1
813,1509.4,569.56,39.92,939.84,Consumo,2650.79,6,6.3,0
814,1423.78,824.52,51.58,599.26,Microcrédito,4904.36,18,7.8,0
815,876.25,498.97,54.38,377.28,Consumo,1673.55,24,3.4,0
816,607.19,343.83,30.84,263.36,Vivienda,15192.57,240,1.9,0
817,1516.61,1154.62,28.11,361.99,Microcrédito,6649.08,18,2.3,0
818,1334.36,838.62,58.26,495.74,Microcrédito,8688.31,36,1.9,0
819,1027.35,523.0,48.57,504.35,Microcrédito,3038.4,12,2.7,0
820,573.92,206.09,30.37,367.83,Consumo,1522.36,36,10.0,0
821,412.98,249.57,8.37,163.41,Microcrédito,2542.76,24,8.9,0
822,815.62,445.15,56.66,370.47,Consumo,3541.89,24,1.4,0
823,828.28,430.04,48.46,398.24,Microcrédito,4502.33,12,2.1,0
824,783.33,712.79,63.93,70.54,Vivienda,11631.73,180,3.5,1
825,527.39,245.66,30.54,281.73,Consumo,1153.84,6,7.8,0
826,764.03,507.19,2.0,256.84,Microcrédito,4150.94,6,4.4,0
827,1393.86,831.39,37.6,562.47,Microcrédito,5457.54,6,7.4,1
828,811.1,412.49,57.15,398.61,Microcrédito,5472.25,24,5.3,0
829,635.89,318.39,24.0,317.5,Vivienda,19393.01,180,7.7,0
830,1808.3,894.03,46.2,914.27,Microcrédito,7002.6,18,2.5,0
831,1202.31,216.42,32.81,985.89,Microcrédito,5545.61,24,5.8,0
832,1197.59,487.46,51.83,710.13,Consumo,5153.51,12,6.0,0
833,522.24,287.1,41.63,235.14,Consumo,2175.29,48,3.9,0
834,707.21,408.62,56.33,298.59,Consumo,1822.89,6,4.3,0
835,808.46,372.45,45.81,436.01,Consumo,985.87,24,3.7,0
836,1956.1,1107.25,38.34,848.85,Consumo,5142.94,24,4.8,0
837,468.65,282.44,45.25,186.21,Microcrédito,1695.11,12,1.4,0
838,1202.48,687.76,60.06,514.72,Consumo,1656.25,18,1.5,0
839,1808.36,1318.96,59.52,489.4,Microcrédito,7791.0,18,1.9,0
840,1856.44,746.86,49.28,1109.58,Vivienda,15172.68,180,3.1,0
841,2036.88,1228.33,35.94,808.55,Microcrédito,11667.09,12,2.9,0
842,468.97,152.74,3.58,316.23,Vivienda,16362.7,240,6.1,0
843,1735.61,751.01,27.0,984.6,Consumo,6139.49,48,1.2,0
844,1724.95,1087.65,15.46,637.3,Consumo,4947.04,48,16.5,0
845,686.16,326.76,58.94,359.4,Microcrédito,4218.53,12,0.9,0
846,1902.0,1064.6,47.36,837.4,Consumo,2130.95,24,6.6,1
847,1021.64,553.32,15.94,468.32,Consumo,1137.49,36,3.6,0
848,1639.38,1066.36,41.11,573.02,Consumo,2072.18,24,1.8,0
849,2047.37,1016.11,28.52,1031.26,Microcrédito,4518.95,18,2.1,0
850,1851.81,678.25,68.65,1173.56,Microcrédito,4022.24,12,6.2,1
851,1104.65,951.69,48.42,152.96,Consumo,1177.62,6,6.4,0
852,780.03,626.19,2.0,153.84,Microcrédito,2007.45,6,3.0,0
853,1430.43,696.73,4.41,733.7,Comercial,7316.11,12,5.9,0
854,969.18,510.8,26.9,458.38,Consumo,4829.37,18,4.3,0
855,810.36,743.07,72.3,67.29,Consumo,2031.86,6,8.3,0
856,1456.48,497.18,35.01,959.3,Microcrédito,6135.82,12,0.7,0
857,736.49,547.89,50.33,188.6,Consumo,3513.38,6,11.0,0
858,467.79,237.87,78.02,229.92,Vivienda,15152.21,180,3.3,1
859,1174.08,700.27,58.78,473.81,Microcrédito,3030.01,18,2.9,1
860,539.33,175.88,21.6,363.45,Microcrédito,3343.95,24,1.7,0
861,446.39,156.5,17.15,289.89,Consumo,1085.11,36,2.9,0
862,740.81,508.73,37.68,232.08,Consumo,1089.29,6,2.0,0
863,459.54,223.58,7.58,235.96,Microcrédito,1337.8,12,5.7,0
864,768.73,372.98,41.33,395.75,Consumo,1658.9,18,1.6,0
865,350.0,228.78,27.57,121.22,Consumo,856.63,24,4.8,0
866,1645.64,949.26,2.0,696.38,Microcrédito,2386.03,18,5.4,0
867,1354.47,903.79,25.95,450.68,Consumo,3147.96,18,3.2,0
868,1547.23,882.18,14.88,665.05,Consumo,2989.83,6,12.0,0
869,564.56,428.55,26.83,136.01,Consumo,2487.54,18,4.2,0
870,413.6,274.52,62.43,139.08,Microcrédito,2556.15,12,3.1,0
871,961.08,494.31,26.4,466.77,Microcrédito,1411.22,36,3.3,0
872,1153.84,463.83,24.83,690.01,Comercial,2901.52,60,3.6,0
873,805.34,423.59,29.44,381.75,Consumo,3781.61,48,1.4,0
874,855.33,535.4,44.73,319.93,Vivienda,15197.77,60,2.7,1
875,1425.78,457.39,41.62,968.39,Vivienda,18145.67,84,2.1,0
876,1015.76,753.58,45.24,262.18,Vivienda,17651.84,240,3.9,1
877,1000.6,571.41,59.4,429.19,Consumo,1202.62,48,2.5,0
878,1362.22,491.28,11.48,870.94,Vivienda,43631.88,240,12.2,0
879,660.68,548.51,34.04,112.17,Comercial,4474.96,36,1.7,1
880,1341.39,808.37,9.8,533.02,Vivienda,29740.62,60,11.6,0
881,1969.56,1201.79,38.25,767.77,Consumo,3770.89,24,8.4,1
882,478.36,218.69,2.0,259.67,Comercial,3625.25,48,2.5,0
883,675.55,388.03,39.12,287.52,Comercial,5562.83,60,1.0,0
884,1861.94,864.33,48.79,997.61,Microcrédito,12916.92,12,5.5,0
885,1796.89,615.9,39.47,1180.99,Microcrédito,9875.77,24,5.2,0
886,350.0,154.47,31.74,195.53,Consumo,409.12,12,9.3,0
887,919.53,363.92,37.36,555.61,Vivienda,25306.88,60,3.1,0
888,1905.34,1024.46,56.07,880.88,Consumo,6227.53,6,2.4,0
889,1963.49,1121.83,7.67,841.66,Consumo,3847.64,48,1.7,0
890,669.7,264.74,44.17,404.96,Microcrédito,3253.22,6,5.7,0
891,1682.18,564.74,36.37,1117.44,Consumo,3735.34,48,4.1,0
892,722.69,326.05,49.41,396.64,Microcrédito,3355.1,24,3.0,0
893,609.6,287.17,40.0,322.43,Vivienda,17247.98,84,3.0,0
894,1407.58,448.53,15.61,959.05,Microcrédito,5543.64,24,2.6,0
895,1262.53,915.93,13.41,346.6,Microcrédito,3074.84,6,1.6,0
896,851.18,646.87,51.26,204.31,Vivienda,17282.98,120,4.0,1
897,3727.44,1790.04,38.55,1937.4,Consumo,8842.23,18,3.1,0
898,853.05,562.52,26.76,290.53,Consumo,1075.35,48,1.4,0
899,546.66,328.07,47.4,218.59,Microcrédito,737.37,36,6.1,0
900,1500.13,904.71,56.16,595.42,Consumo,4165.37,36,2.4,0
901,842.71,494.11,48.91,348.6,Microcrédito,5116.61,36,5.6,0
902,1749.52,963.1,25.57,786.42,Consumo,8397.48,12,5.0,0
903,513.36,243.96,28.45,269.4,Consumo,1774.82,12,15.4,0
904,1869.56,1180.29,45.31,689.27,Microcrédito,9893.13,12,2.7,1
905,833.92,508.6,54.46,325.32,Vivienda,19157.5,120,2.6,0
906,875.47,214.08,19.43,661.39,Microcrédito,1621.37,18,2.3,0
907,440.91,274.08,30.16,166.83,Microcrédito,2786.15,36,4.8,0
908,1216.89,572.61,12.72,644.28,Consumo,3907.67,18,11.2,0
909,823.77,550.85,36.2,272.92,Consumo,1863.01,6,7.3,0
910,896.1,539.29,48.11,356.81,Consumo,1333.57,24,1.3,0
911,892.24,509.77,22.47,382.47,Microcrédito,1259.23,6,5.9,0
912,1127.78,661.28,2.0,466.5,Consumo,1816.89,24,7.2,0
913,1706.81,812.7,48.9,894.11,Consumo,7473.49,6,3.9,0
914,917.54,518.76,56.88,398.78,Microcrédito,3098.84,6,5.4,0
915,627.13,403.19,25.86,223.94,Microcrédito,2260.75,6,13.9,0
916,483.47,136.03,32.67,347.44,Consumo,495.51,24,2.0,0
917,2197.16,807.16,52.16,1390.0,Consumo,6479.94,12,2.2,0
918,537.17,277.75,2.81,259.42,Consumo,2276.14,36,7.6,0
919,1124.43,398.89,7.95,725.54,Consumo,1643.23,12,10.0,0
920,915.13,632.07,73.45,283.06,Consumo,4009.58,36,4.2,0
921,695.27,399.57,11.15,295.7,Consumo,2179.94,24,2.0,0
922,1105.71,409.86,11.03,695.85,Consumo,2870.56,24,2.6,0
923,1087.58,1009.21,33.37,78.37,Consumo,3883.41,36,7.6,0
924,1828.95,739.73,13.64,1089.22,Vivienda,34393.67,84,6.9,0
925,1386.54,927.45,68.61,459.09,Vivienda,40127.3,120,6.8,0
926,649.32,442.13,46.1,207.19,Microcrédito,2802.82,24,9.0,0
927,940.9,350.73,54.19,590.17,Microcrédito,4101.21,12,3.3,0
928,906.67,305.63,2.0,601.04,Vivienda,16106.35,120,2.6,0
929,1658.84,377.63,9.88,1281.21,Microcrédito,3210.9,12,3.4,0
930,562.17,383.38,22.12,178.79,Vivienda,11417.28,240,1.4,0
931,2405.68,1510.0,32.08,895.68,Consumo,9168.44,36,5.9,0
932,1530.79,654.16,48.04,876.63,Consumo,5227.9,6,3.1,0
933,1945.54,1489.8,17.65,455.74,Consumo,4291.53,12,4.7,1
934,1206.47,564.99,16.84,641.48,Consumo,1334.31,24,2.6,0
935,1291.26,814.33,40.31,476.93,Consumo,1790.43,24,2.0,0
936,482.27,277.83,52.15,204.44,Consumo,764.6,36,2.2,0
937,826.61,228.38,2.0,598.23,Microcrédito,5327.02,24,1.2,0
938,706.97,467.72,38.77,239.25,Microcrédito,3601.33,24,5.5,0
939,1073.62,193.25,24.37,880.37,Vivienda,25782.28,180,1.2,0
940,453.68,181.95,22.42,271.73,Consumo,1978.0,48,0.9,0
941,2099.96,1601.74,56.33,498.22,Vivienda,53315.46,84,2.5,0
942,2062.13,1448.29,11.24,613.84,Microcrédito,5671.87,18,2.8,0
943,1159.59,643.3,63.59,516.29,Consumo,4221.95,48,6.7,0
944,1359.68,731.44,15.15,628.24,Consumo,5219.55,24,1.7,0
945,1782.1,584.7,23.1,1197.4,Vivienda,22972.25,60,2.4,0
946,401.74,261.34,57.42,140.4,Consumo,1294.87,24,3.2,0
947,471.29,265.87,50.92,205.42,Consumo,2294.59,36,7.1,0
948,1080.84,603.12,2.0,477.72,Vivienda,20532.1,180,4.0,0
949,1202.12,699.18,23.9,502.94,Vivienda,20113.0,60,1.6,0
950,1352.99,527.04,38.96,825.95,Consumo,3353.95,48,3.0,0
951,2297.2,1334.26,37.0,962.94,Microcrédito,11682.53,24,1.8,0
952,903.12,434.22,69.25,468.9,Vivienda,18648.2,84,13.5,0
953,932.99,478.93,16.33,454.06,Consumo,4281.52,48,0.1,0
954,1419.97,791.33,44.45,628.64,Consumo,4795.55,24,0.7,0
955,1569.08,817.91,24.36,751.17,Microcrédito,10861.59,6,5.6,0
956,935.78,219.81,2.0,715.97,Consumo,1994.94,6,2.1,0
957,1198.07,504.46,53.67,693.61,Microcrédito,5542.74,18,3.6,0
958,350.0,220.79,34.91,129.21,Microcrédito,956.89,18,5.2,0
959,2528.21,1596.72,29.76,931.49,Vivienda,60000.0,180,1.5,0
960,1517.8,999.46,18.83,518.34,Consumo,3587.77,48,3.8,0
961,968.25,294.23,19.83,674.02,Microcrédito,1745.53,36,7.5,0
962,719.78,410.79,32.01,308.99,Microcrédito,2773.34,36,7.0,0
963,980.73,454.57,33.64,526.16,Vivienda,15572.91,240,6.2,0
964,1121.32,334.63,2.0,786.69,Comercial,6784.69,36,4.1,0
965,683.89,387.46,52.64,296.43,Consumo,1790.05,48,4.3,0
966,1052.92,619.98,27.92,432.94,Microcrédito,2363.85,6,2.9,0
967,350.0,240.12,48.64,109.88,Consumo,1045.23,36,1.2,1
968,1897.87,676.53,10.86,1221.34,Consumo,4330.72,36,1.3,0
969,808.95,299.15,16.91,509.8,Consumo,1677.44,48,7.8,0
970,533.95,232.65,17.13,301.3,Microcrédito,3724.99,18,3.0,0
971,835.29,444.21,60.74,391.08,Consumo,2548.34,24,10.5,0
972,2422.77,1166.04,54.83,1256.73,Microcrédito,5589.89,12,2.1,0
973,838.11,352.32,41.21,485.79,Consumo,1762.05,18,2.0,1
974,409.5,123.27,51.42,286.23,Microcrédito,2402.57,36,7.7,0
975,908.44,366.74,23.16,541.7,Microcrédito,6103.52,36,1.7,0
976,790.38,624.94,43.55,165.44,Consumo,3366.03,36,2.3,0
977,722.62,542.49,55.22,180.13,Consumo,2944.01,36,2.7,0
978,1028.84,267.62,20.15,761.22,Consumo,2405.93,18,1.0,0
979,356.6,127.41,26.68,229.19,Consumo,1369.13,6,1.1,0
980,558.22,390.67,50.16,167.55,Microcrédito,2257.65,24,3.2,1
981,747.12,523.63,20.58,223.49,Vivienda,10806.66,240,1.1,0
982,810.96,493.65,31.51,317.31,Microcrédito,1258.83,12,9.7,0
983,924.04,296.7,38.24,627.34,Microcrédito,4235.23,18,2.9,0
984,980.89,247.29,52.48,733.6,Comercial,6151.96,48,3.3,0
985,1070.31,617.99,30.52,452.32,Microcrédito,5491.03,6,4.5,0
986,1759.3,1519.94,2.11,239.36,Consumo,8505.87,24,0.1,0
987,1211.7,492.34,46.73,719.36,Microcrédito,6066.5,24,7.7,0
988,713.12,434.03,2.0,279.09,Comercial,6074.91,60,6.5,0
989,350.0,151.72,21.53,198.28,Microcrédito,1330.56,18,3.6,0
990,2041.93,1366.63,66.26,675.3,Consumo,7480.55,6,5.6,0
991,858.02,641.52,30.27,216.5,Consumo,2179.64,24,8.9,1
992,1267.19,859.99,49.52,407.2,Microcrédito,7923.55,24,0.7,1
993,2364.66,1707.27,31.0,657.39,Microcrédito,16402.79,18,2.9,0
994,737.05,382.9,35.86,354.15,Vivienda,7806.31,120,4.3,0
995,1017.12,547.26,38.28,469.86,Microcrédito,6422.45,36,4.7,0
996,418.37,200.13,34.27,218.24,Comercial,3894.49,24,4.3,0
997,923.74,564.48,2.0,359.26,Consumo,3213.16,36,3.7,0
998,1483.02,525.17,31.63,957.85,Comercial,5984.72,12,2.3,0
999,492.93,328.35,28.01,164.58,Consumo,496.32,18,6.3,0
1000,653.84,462.46,45.7,191.38,Microcrédito,854.41,6,1.5,1
1001,690.9,458.22,62.68,232.68,Vivienda,21024.17,120,1.9,0
1002,1011.3,656.15,31.75,355.15,Microcrédito,5720.76,18,14.1,0
1003,561.48,238.8,19.8,322.68,Consumo,610.97,6,2.4,0
1004,1894.09,904.96,26.74,989.13,Consumo,3977.69,12,2.5,1
1005,750.84,195.87,15.26,554.97,Microcrédito,1020.38,12,3.3,0
1006,877.01,255.2,38.55,621.81,Consumo,1241.88,48,5.7,0
1007,1086.54,513.39,6.44,573.15,Microcrédito,3223.31,6,2.0,0
1008,1528.42,926.89,27.99,601.53,Consumo,4047.59,6,4.4,0
1009,644.23,374.08,56.56,270.15,Consumo,2096.25,6,1.6,0
1010,1643.63,788.03,44.82,855.6,Vivienda,49046.61,60,0.7,0
1011,763.62,606.97,53.58,156.65,Microcrédito,3621.21,24,4.9,1
1012,925.32,832.78,52.4,92.54,Consumo,3284.41,24,3.8,0
1013,1533.7,499.47,20.46,1034.23,Consumo,6506.51,24,2.6,0
1014,667.55,382.81,27.65,284.74,Consumo,1105.11,48,0.3,0
1015,936.83,411.39,59.69,525.44,Microcrédito,2483.11,18,7.5,1
1016,1087.41,582.82,30.16,504.59,Consumo,1427.77,48,0.5,0
1017,915.9,779.8,39.6,136.1,Consumo,2709.27,12,0.9,1
1018,686.3,319.42,24.95,366.88,Vivienda,20742.8,84,4.9,0
1019,2079.57,804.4,32.58,1275.17,Vivienda,31706.46,84,6.0,0
1020,2565.68,2076.31,49.72,489.37,Consumo,7490.86,12,8.0,0
1021,742.93,325.54,28.01,417.39,Consumo,3419.16,6,4.1,0
1022,812.63,305.26,11.94,507.37,Microcrédito,1780.34,18,4.1,0
1023,1063.54,616.6,51.45,446.94,Consumo,4531.96,18,5.2,0
1024,1277.02,711.03,14.71,565.99,Microcrédito,3961.15,36,0.7,0
1025,675.83,225.34,52.21,450.49,Microcrédito,2208.39,24,5.0,0
1026,1724.74,875.46,51.41,849.28,Microcrédito,5717.82,6,5.3,0
1027,1234.01,584.26,31.41,649.75,Consumo,3422.3,24,2.3,0
1028,852.36,503.27,33.96,349.09,Consumo,1517.5,48,1.3,0
1029,1301.7,524.75,37.77,776.95,Microcrédito,6633.96,18,4.8,0
1030,425.38,270.39,15.97,154.99,Consumo,733.03,36,5.1,0
1031,494.27,440.28,56.99,53.99,Consumo,1430.86,12,5.5,1
1032,389.71,260.95,32.15,128.76,Comercial,1696.85,24,10.3,0
1033,1733.1,1208.42,58.5,524.68,Consumo,4659.07,48,0.6,0
1034,1164.77,415.1,27.59,749.67,Vivienda,22627.28,180,7.5,0
1035,1399.32,958.39,52.76,440.93,Microcrédito,2110.62,6,3.4,0
1036,667.75,564.3,51.88,103.45,Consumo,3237.45,36,5.7,0
1037,602.82,521.92,53.6,80.9,Microcrédito,3259.6,12,2.9,0
1038,1432.25,1066.5,44.19,365.75,Microcrédito,6541.48,24,2.1,1
1039,1470.77,648.76,4.33,822.01,Microcrédito,7484.13,36,4.4,0
1040,2334.53,1606.16,33.95,728.37,Consumo,8705.37,36,3.2,0
1041,1688.71,1383.73,50.92,304.98,Microcrédito,7196.92,12,5.0,0
1042,811.64,394.69,40.78,416.95,Consumo,3915.01,12,5.0,0
1043,1063.14,758.19,40.36,304.95,Microcrédito,4502.76,24,1.4,0
1044,1036.0,397.85,2.0,638.15,Microcrédito,1307.51,12,2.8,0
1045,1835.68,808.68,33.95,1027.0,Consumo,2413.63,6,2.9,0
1046,499.68,159.82,57.54,339.86,Vivienda,6839.19,60,5.0,0
1047,1225.11,764.24,52.97,460.87,Microcrédito,6933.99,18,4.9,0
1048,865.01,393.75,37.82,471.26,Consumo,2760.48,48,1.9,0
1049,977.08,540.08,59.36,437.0,Consumo,4852.19,48,5.8,0
1050,783.12,390.7,33.2,392.42,Comercial,5059.44,60,2.8,0
1051,574.09,350.37,7.33,223.72,Microcrédito,3213.48,24,2.4,0
1052,803.83,366.53,37.47,437.3,Vivienda,23038.92,180,7.2,0
1053,452.36,205.4,61.16,246.96,Consumo,646.6,12,4.4,0
1054,408.27,254.11,47.81,154.16,Vivienda,13868.8,180,1.7,1
1055,1065.32,690.99,48.87,374.33,Vivienda,31886.0,60,2.0,0
1056,1401.79,1023.27,19.13,378.52,Vivienda,12034.63,180,2.2,0
1057,1648.39,838.57,42.81,809.82,Microcrédito,4197.15,18,2.4,0
1058,1454.26,673.56,37.73,780.7,Consumo,5329.79,24,6.9,0
1059,1216.1,454.63,64.54,761.47,Consumo,2775.53,18,13.7,0
1060,920.78,549.3,57.89,371.48,Comercial,5634.51,36,17.3,0
1061,1012.75,336.01,2.0,676.74,Vivienda,23278.65,180,3.0,0
1062,955.39,489.9,8.13,465.49,Microcrédito,4357.07,18,5.9,0
1063,805.46,260.29,43.33,545.17,Vivienda,10723.4,60,4.8,0
1064,835.85,442.81,28.33,393.04,Consumo,4024.25,36,1.6,0
1065,531.46,129.18,16.96,402.28,Consumo,2385.36,18,5.7,0
1066,756.49,595.84,35.65,160.65,Microcrédito,2041.92,18,5.5,0
1067,842.52,576.98,4.16,265.54,Microcrédito,2591.78,36,2.6,0
1068,736.77,418.65,23.54,318.12,Comercial,5234.49,24,2.6,0
1069,578.22,342.46,52.01,235.76,Vivienda,8039.63,84,9.6,0
1070,1062.98,689.77,34.44,373.21,Microcrédito,7087.58,24,6.0,0
1071,843.38,402.2,21.5,441.18,Microcrédito,1545.79,36,1.3,1
1072,399.11,196.0,35.64,203.11,Microcrédito,1159.4,18,0.8,0
1073,981.21,485.12,45.43,496.09,Consumo,3309.73,48,8.4,0
1074,1514.73,467.51,68.01,1047.22,Microcrédito,6460.31,12,9.0,0
1075,1244.58,993.85,12.82,250.73,Consumo,3241.59,12,4.4,0
1076,823.54,557.18,45.18,266.36,Consumo,3987.73,36,1.9,0
1077,606.89,245.18,30.09,361.71,Consumo,1377.84,36,9.4,0
1078,507.42,263.57,37.76,243.85,Consumo,1657.07,18,7.3,0
1079,643.52,349.63,20.48,293.89,Microcrédito,3231.67,18,1.4,0
1080,1611.86,379.52,7.67,1232.34,Consumo,3038.03,6,3.8,0
1081,465.49,306.6,47.99,158.89,Vivienda,11455.55,120,3.3,0
1082,656.28,367.87,56.04,288.41,Comercial,3812.11,48,3.7,0
1083,1865.43,1246.66,38.76,618.77,Consumo,7564.81,12,0.7,0
1084,590.33,319.7,27.82,270.63,Consumo,1809.24,6,3.0,1
1085,389.26,143.86,31.48,245.4,Consumo,1565.75,6,7.4,0
1086,456.82,206.51,55.6,250.31,Consumo,1540.8,12,2.5,0
1087,564.82,510.66,45.8,54.16,Microcrédito,3109.69,24,2.7,0
1088,1288.28,794.48,2.0,493.8,Vivienda,14090.4,84,5.7,0
1089,3762.4,1628.08,43.79,2134.32,Consumo,9431.85,36,1.2,0
1090,1740.56,1107.13,39.61,633.43,Vivienda,37511.62,180,5.3,0
1091,631.43,259.89,52.6,371.54,Vivienda,15125.4,60,8.5,1
1092,1463.87,640.68,43.13,823.19,Microcrédito,7876.33,36,5.2,0
1093,1099.11,522.97,65.02,576.14,Consumo,3284.62,48,2.3,0
1094,1701.88,1449.98,93.37,251.9,Microcrédito,8641.9,6,1.1,1
1095,603.22,356.42,44.45,246.8,Microcrédito,1543.92,36,1.8,1
1096,657.57,428.1,44.69,229.47,Microcrédito,3204.17,6,2.3,1
1097,591.86,407.38,52.77,184.48,Vivienda,14966.29,60,5.1,0
1098,1474.43,691.02,16.44,783.41,Consumo,6849.02,24,8.5,0
1099,1313.13,782.61,45.75,530.52,Microcrédito,7121.7,24,2.0,0
1100,1086.39,494.64,12.03,591.75,Consumo,4889.47,36,2.0,0
1101,1018.47,491.89,39.28,526.58,Microcrédito,5251.59,18,4.8,0
1102,1008.32,511.16,9.66,497.16,Microcrédito,2046.03,12,3.0,0
1103,1469.46,1336.55,71.92,132.91,Consumo,6298.68,18,2.5,0
1104,1405.54,644.54,39.81,761.0,Consumo,1715.38,24,2.1,0
1105,740.99,468.56,56.68,272.43,Consumo,1612.42,12,3.3,0
1106,624.5,363.35,18.63,261.15,Vivienda,12702.83,240,6.9,1
1107,1068.57,541.39,48.79,527.18,Microcrédito,6474.4,12,0.3,0
1108,1036.5,867.75,47.96,168.75,Consumo,1326.26,12,6.0,1
1109,1447.26,323.98,17.12,1123.28,Microcrédito,6017.83,36,0.5,0
1110,964.87,713.5,16.08,251.37,Consumo,3241.22,24,2.5,1
1111,1303.13,920.63,55.46,382.5,Microcrédito,4672.2,6,5.9,0
1112,779.86,563.46,67.49,216.4,Microcrédito,1373.54,6,3.3,1
1113,661.83,331.74,9.04,330.09,Microcrédito,1010.62,12,2.2,0
1114,1235.18,959.53,59.64,275.65,Consumo,5835.84,18,1.4,1
1115,578.62,353.74,58.95,224.88,Consumo,735.02,48,3.9,0
1116,827.08,481.66,32.25,345.42,Microcrédito,3292.59,6,1.0,0
1117,2400.09,1890.14,41.6,509.95,Vivienda,60000.0,60,3.0,1
1118,560.8,532.76,19.76,28.04,Microcrédito,2755.03,36,1.1,0
1119,1298.94,741.7,26.03,557.24,Consumo,3452.23,24,4.5,0
1120,1048.43,881.77,28.33,166.66,Microcrédito,7230.64,6,4.7,0
1121,572.01,280.88,20.25,291.13,Consumo,2312.91,12,2.5,0
1122,350.0,165.56,17.98,184.44,Comercial,3573.06,60,9.6,0
1123,1031.77,588.61,14.99,443.16,Consumo,4439.87,12,3.3,0
1124,350.0,246.04,51.55,103.96,Microcrédito,1584.79,36,1.4,0
1125,1235.11,715.51,41.72,519.6,Microcrédito,5327.36,12,5.6,0
1126,833.35,224.34,35.92,609.01,Consumo,3677.29,48,2.1,0
1127,712.13,234.91,13.72,477.22,Vivienda,16978.66,180,1.3,0
1128,753.61,641.7,49.19,111.91,Consumo,3184.3,18,3.8,1
1129,1158.58,669.51,20.83,489.07,Consumo,2609.32,12,4.3,0
1130,1252.43,681.42,40.57,571.01,Consumo,1624.39,24,1.8,0
1131,624.41,511.67,56.3,112.74,Microcrédito,3321.82,18,8.6,1
1132,502.05,395.31,15.72,106.74,Consumo,1302.34,48,1.2,0
1133,1062.43,602.46,35.85,459.97,Consumo,2033.98,12,4.4,0
1134,424.98,225.92,44.61,199.06,Consumo,1498.3,18,6.0,0
1135,967.54,680.42,40.6,287.12,Consumo,3254.03,36,1.2,0
1136,616.27,162.22,19.25,454.05,Consumo,2529.96,18,3.1,0
1137,980.39,591.34,42.82,389.05,Microcrédito,2771.37,18,1.5,0
1138,561.52,145.34,50.61,416.18,Microcrédito,2854.31,18,9.7,0
1139,1120.5,213.45,72.71,907.05,Consumo,2881.68,6,6.7,0
1140,849.15,288.53,24.98,560.62,Microcrédito,2101.03,36,3.6,0
1141,867.72,634.05,21.4,233.67,Consumo,2765.03,36,6.6,0
1142,2140.12,960.87,33.39,1179.25,Microcrédito,6284.84,12,7.1,0
1143,678.04,341.79,35.3,336.25,Consumo,2522.24,24,6.9,0
1144,713.93,533.46,68.3,180.47,Consumo,1666.33,48,7.8,0
1145,581.23,359.09,16.31,222.14,Comercial,6760.27,36,1.8,1
1146,850.13,525.13,29.91,325.0,Consumo,1460.78,18,5.2,0
1147,1407.98,812.45,55.6,595.53,Microcrédito,8941.75,12,1.0,0
1148,1597.68,1331.56,62.64,266.12,Comercial,11401.79,36,4.2,1
1149,722.4,459.99,66.89,262.41,Consumo,2413.79,24,7.2,0
1150,1563.83,508.1,5.96,1055.73,Microcrédito,4750.07,24,8.1,0
1151,627.91,291.37,37.49,336.54,Consumo,2970.43,36,2.3,0
1152,462.37,284.76,37.67,177.61,Microcrédito,1175.52,12,5.7,1
1153,585.79,339.18,24.5,246.61,Microcrédito,2351.14,36,2.6,0
1154,570.36,541.84,27.46,28.52,Consumo,1370.62,6,5.2,0
1155,1097.65,698.32,34.33,399.33,Consumo,3510.78,48,2.4,0
1156,995.76,511.4,41.46,484.36,Microcrédito,1400.58,24,4.8,0
1157,1818.7,475.04,60.16,1343.66,Microcrédito,5978.13,36,5.1,0
1158,697.36,371.22,34.43,326.14,Microcrédito,2314.13,6,9.1,0
1159,607.64,285.55,46.33,322.09,Comercial,4347.93,48,1.9,0
1160,1402.78,502.11,41.49,900.67,Comercial,9327.32,48,8.5,0
1161,403.12,200.42,18.63,202.7,Consumo,1253.89,36,5.1,0
1162,663.94,438.47,23.77,225.47,Consumo,1147.4,48,2.1,0
1163,1713.12,888.78,23.78,824.34,Consumo,3001.84,48,2.0,0
1164,1047.15,438.12,38.96,609.03,Vivienda,34001.14,180,1.8,0
1165,491.89,184.33,67.27,307.56,Consumo,1681.88,6,8.2,0
1166,790.4,284.47,20.53,505.93,Microcrédito,4187.46,24,1.7,0
1167,1854.56,1026.53,33.98,828.03,Consumo,7947.65,48,4.0,0
1168,840.45,338.77,51.95,501.68,Microcrédito,4053.3,36,2.8,0
1169,572.26,433.19,18.58,139.07,Microcrédito,3113.61,12,1.3,0
1170,777.68,577.98,20.4,199.7,Microcrédito,4471.14,18,5.1,0
1171,1501.29,1231.76,37.35,269.53,Microcrédito,9231.82,18,4.6,0
1172,1442.21,966.88,27.3,475.33,Consumo,5072.88,12,6.4,0
1173,1109.25,1000.21,45.26,109.04,Consumo,5538.75,6,7.7,1
1174,1244.58,654.12,37.32,590.46,Consumo,5472.28,18,1.9,0
1175,1550.62,704.7,17.01,845.92,Microcrédito,6606.19,36,5.5,0
1176,1307.56,859.68,46.69,447.88,Microcrédito,4764.09,12,3.2,0
1177,1096.72,432.19,38.45,664.53,Consumo,2629.11,36,1.1,0
1178,609.22,485.13,56.57,124.09,Microcrédito,2758.73,6,0.8,0
1179,764.15,219.65,18.03,544.5,Consumo,1160.29,24,4.9,0
1180,667.37,592.76,75.88,74.61,Microcrédito,4032.3,24,1.9,1
1181,729.93,419.96,35.39,309.97,Microcrédito,1528.88,36,2.4,1
1182,1199.14,579.18,47.77,619.96,Microcrédito,4597.39,24,1.7,1
1183,350.0,185.33,48.09,164.67,Consumo,1439.19,24,7.1,1
1184,694.77,288.68,2.0,406.09,Vivienda,7442.17,240,1.5,0
1185,1846.73,971.87,30.51,874.86,Vivienda,16002.58,120,2.2,0
1186,1477.39,1241.6,42.95,235.79,Consumo,4207.3,36,5.8,0
1187,832.81,588.62,29.31,244.19,Consumo,3109.93,6,2.8,0
1188,1427.25,1030.89,58.47,396.36,Consumo,5019.22,18,12.2,0
1189,560.15,329.3,27.14,230.85,Vivienda,17837.07,84,2.9,0
1190,1147.31,553.1,19.19,594.21,Vivienda,12375.12,60,4.6,0
1191,857.89,460.49,18.35,397.4,Vivienda,13072.42,240,3.9,0
1192,1077.09,664.71,36.8,412.38,Microcrédito,2870.45,36,10.0,0
1193,946.44,620.75,35.18,325.69,Consumo,4603.23,18,3.2,1
1194,1975.43,505.8,15.09,1469.63,Vivienda,18618.68,240,6.3,0
1195,815.11,335.86,19.22,479.25,Microcrédito,3114.18,18,7.9,0
1196,433.04,198.45,40.52,234.59,Consumo,1583.02,24,2.8,1
1197,1205.38,632.09,12.5,573.29,Microcrédito,5953.01,12,3.4,0
1198,1123.13,405.37,14.01,717.76,Consumo,2838.6,6,2.5,0
1199,1117.19,641.9,58.03,475.29,Comercial,7159.29,24,2.7,0
1200,1080.73,532.0,16.14,548.73,Consumo,4316.01,48,3.6,0
1201,813.17,493.54,21.06,319.63,Consumo,863.8,24,7.3,0
1202,492.88,468.24,58.96,24.64,Vivienda,15837.73,240,3.7,1
1203,938.51,422.25,36.97,516.26,Microcrédito,2729.86,36,3.9,0
1204,2053.45,912.29,56.02,1141.16,Consumo,3030.61,12,1.0,0
1205,949.97,540.56,18.99,409.41,Vivienda,15832.91,180,6.7,0
1206,403.8,187.56,15.19,216.24,Microcrédito,960.7,36,2.0,0
1207,768.77,442.83,39.32,325.94,Consumo,1896.57,24,5.3,0
1208,1136.93,510.89,18.65,626.04,Consumo,2212.21,18,1.0,0
1209,676.29,421.06,40.4,255.23,Consumo,1663.19,24,3.4,0
1210,1493.17,704.18,49.92,788.99,Vivienda,29596.31,60,0.8,0
1211,1424.67,854.32,11.31,570.35,Consumo,5726.12,48,5.6,0
1212,1195.34,1135.57,5.39,59.77,Consumo,1816.48,48,7.0,0
1213,1048.75,684.36,31.79,364.39,Consumo,4585.32,48,5.9,0
1214,2454.44,1126.56,41.52,1327.88,Consumo,4737.95,18,4.2,0
1215,1478.38,1169.75,33.75,308.63,Microcrédito,9435.83,36,7.3,0
1216,1720.86,445.24,29.69,1275.62,Consumo,1942.31,36,5.8,0
1217,911.57,494.98,42.88,416.59,Comercial,2986.03,60,1.2,0
1218,1763.96,823.53,32.96,940.43,Consumo,6974.94,48,11.4,0
1219,1811.86,846.63,30.99,965.23,Microcrédito,5685.18,6,5.6,0
1220,1465.92,789.03,15.5,676.89,Microcrédito,9778.67,36,2.7,0
1221,1526.97,990.34,2.0,536.63,Consumo,1997.67,24,0.8,0
1222,1151.94,347.39,3.15,804.55,Consumo,2336.45,18,3.2,0
1223,1926.26,1088.95,14.24,837.31,Microcrédito,2432.52,24,2.7,0
1224,751.57,444.85,32.03,306.72,Microcrédito,2187.76,6,7.6,0
1225,1442.72,463.3,29.7,979.42,Vivienda,33522.78,84,3.1,0
1226,618.35,316.73,61.55,301.62,Consumo,1403.29,6,2.6,0
1227,1077.32,830.88,20.48,246.44,Vivienda,20459.68,180,3.7,0
1228,632.05,234.74,54.37,397.31,Consumo,2333.63,12,5.4,0
1229,1413.54,706.67,38.65,706.87,Consumo,3215.21,6,5.8,0
1230,576.45,124.07,8.92,452.38,Microcrédito,2403.71,36,0.2,0
1231,687.94,496.81,18.55,191.13,Vivienda,12365.17,120,3.0,0
1232,1002.96,319.17,37.51,683.79,Vivienda,13150.63,120,2.3,0
1233,711.2,675.64,36.78,35.56,Consumo,1645.84,6,2.9,0
1234,1396.25,591.29,6.84,804.96,Consumo,2976.69,12,0.5,0
1235,912.78,500.91,45.45,411.87,Microcrédito,5866.08,36,1.8,0
1236,1150.57,583.76,16.2,566.81,Vivienda,20919.22,60,2.7,1
1237,1002.46,397.8,21.87,604.66,Consumo,4947.57,36,5.2,0
1238,2061.73,1079.46,17.51,982.27,Microcrédito,7462.94,6,3.4,0
1239,1429.35,566.87,7.04,862.48,Consumo,3490.78,18,2.3,0
1240,2364.97,1653.58,49.26,711.39,Consumo,9618.46,6,1.9,0
1241,1211.16,1010.26,95.0,200.9,Consumo,5853.11,48,2.3,1
1242,691.19,597.66,38.81,93.53,Consumo,1732.4,6,6.1,0
1243,1029.96,336.48,30.52,693.48,Vivienda,24808.23,60,18.3,0
1244,2334.06,2076.98,46.46,257.08,Vivienda,56799.95,240,4.8,0
1245,1719.07,1519.65,79.89,199.42,Microcrédito,5878.91,12,4.0,1
1246,1549.55,1064.46,20.0,485.09,Microcrédito,9872.04,24,2.0,0
1247,910.61,503.85,33.5,406.76,Consumo,3572.42,48,6.0,0
1248,628.9,366.52,2.91,262.38,Consumo,853.63,36,3.4,0
1249,874.08,626.89,35.26,247.19,Vivienda,27943.35,120,2.8,1
1250,2383.2,1433.52,35.25,949.68,Comercial,25783.97,36,1.3,0
1251,2144.71,1110.22,47.47,1034.49,Comercial,8762.22,48,1.6,0
1252,1402.63,923.52,27.71,479.11,Vivienda,16499.24,180,7.6,0
1253,1245.33,475.31,18.82,770.02,Consumo,2638.92,24,4.3,0
1254,727.33,237.06,16.58,490.27,Microcrédito,3013.04,12,1.8,0
1255,904.92,300.64,42.88,604.28,Microcrédito,3677.64,6,1.7,0
1256,1066.63,817.84,20.0,248.79,Microcrédito,7300.78,24,5.0,0
1257,530.91,376.6,48.42,154.31,Microcrédito,3491.28,6,5.7,0
1258,2027.89,825.93,62.72,1201.96,Consumo,8410.03,12,4.8,0
1259,1090.16,931.37,68.46,158.79,Consumo,4043.79,48,3.9,0
1260,2357.15,1239.46,6.24,1117.69,Consumo,7792.09,18,3.1,0
1261,729.6,562.93,10.28,166.67,Microcrédito,2530.71,36,0.5,0
1262,847.58,524.66,17.34,322.92,Microcrédito,1772.97,36,2.0,0
1263,603.97,327.27,55.57,276.7,Consumo,2536.75,36,3.3,1
1264,961.74,456.18,6.87,505.56,Microcrédito,2874.19,24,5.5,0
1265,642.64,382.37,59.08,260.27,Vivienda,15146.57,60,14.0,1
1266,668.02,404.18,51.14,263.84,Microcrédito,4591.47,18,7.3,0
1267,655.55,525.88,33.02,129.67,Microcrédito,944.12,18,9.3,0
1268,1044.57,413.73,51.62,630.84,Comercial,11457.64,48,3.8,0
1269,863.48,497.1,75.38,366.38,Consumo,2229.28,48,5.6,1
1270,350.0,173.62,64.8,176.38,Vivienda,5410.61,84,6.9,1
1271,1135.81,313.05,24.63,822.76,Consumo,4494.74,12,2.4,0
1272,712.57,481.71,31.12,230.86,Consumo,753.96,24,2.7,0
1273,1282.01,826.76,41.94,455.25,Vivienda,32475.54,84,7.1,0
1274,866.28,589.9,40.87,276.38,Comercial,7389.62,48,1.5,1
1275,938.36,577.45,55.01,360.91,Vivienda,25554.9,60,1.7,0
1276,773.45,329.72,58.71,443.73,Vivienda,9513.3,240,7.3,1
1277,2035.65,1052.66,63.39,982.99,Vivienda,60000.0,240,7.3,0
1278,581.43,236.32,60.52,345.11,Microcrédito,979.06,6,3.8,0
1279,1893.7,1596.87,35.85,296.83,Microcrédito,8244.38,36,3.5,0
1280,528.06,404.22,41.85,123.84,Consumo,1586.69,6,4.4,0
1281,884.21,406.7,30.94,477.51,Microcrédito,5112.84,24,2.8,0
1282,1588.21,1272.44,31.85,315.77,Microcrédito,10173.89,18,6.0,1
1283,955.9,480.3,55.15,475.6,Microcrédito,1451.85,12,1.0,0
1284,1154.63,819.39,16.37,335.24,Consumo,3977.56,12,2.0,0
1285,1435.36,913.95,43.13,521.41,Consumo,3972.23,18,5.0,0
1286,1538.23,938.84,36.99,599.39,Consumo,4458.62,18,7.7,0
1287,997.82,754.08,10.66,243.74,Consumo,2277.82,18,1.2,0
1288,445.88,315.84,45.65,130.04,Microcrédito,1084.87,24,5.2,0
1289,1929.59,1377.75,40.85,551.84,Comercial,3973.49,48,11.9,0
1290,666.87,385.48,25.78,281.39,Consumo,1128.26,24,3.5,0
1291,409.1,273.02,20.83,136.08,Vivienda,12422.41,84,5.3,0
1292,2004.59,911.44,51.27,1093.15,Microcrédito,8335.33,36,0.6,0
1293,805.24,237.35,24.48,567.89,Microcrédito,1904.4,36,6.7,0
1294,779.67,480.88,39.25,298.79,Comercial,6222.35,12,2.9,0
1295,1046.22,517.23,49.77,528.99,Consumo,1246.32,24,3.4,0
1296,1349.46,834.3,56.56,515.16,Consumo,5786.16,48,10.3,0
1297,1336.22,800.97,26.22,535.25,Microcrédito,6933.86,12,5.0,0
1298,861.85,520.32,29.68,341.53,Consumo,3151.04,48,4.0,0
1299,860.54,191.11,22.72,669.43,Microcrédito,3812.12,24,2.8,0
1300,1177.58,661.8,38.78,515.78,Microcrédito,5572.7,36,7.6,0
1301,726.16,288.82,9.61,437.34,Microcrédito,2000.52,36,4.0,0
1302,771.76,440.34,27.01,331.42,Consumo,2469.68,48,6.0,0
1303,681.0,436.57,47.18,244.43,Consumo,2089.4,12,10.5,0
1304,1017.57,729.78,7.08,287.79,Consumo,1165.79,48,1.4,0
1305,604.09,205.51,22.32,398.58,Vivienda,15012.77,120,4.1,0
1306,758.07,379.7,40.26,378.37,Consumo,852.58,6,7.5,0
1307,864.57,400.3,2.0,464.27,Microcrédito,5387.32,12,10.2,0
1308,1126.09,635.9,26.1,490.19,Consumo,3046.6,12,4.6,1
1309,848.0,432.68,10.36,415.32,Microcrédito,2706.77,18,0.8,0
1310,557.74,291.14,45.71,266.6,Vivienda,6022.32,60,5.1,0
1311,1391.15,1117.61,38.29,273.54,Microcrédito,4203.06,18,2.9,0
1312,1237.31,677.63,23.24,559.68,Consumo,5809.81,12,1.4,0
1313,1185.73,757.19,23.17,428.54,Microcrédito,5108.93,18,12.1,0
1314,802.66,438.59,25.89,364.07,Vivienda,13300.65,84,1.3,0
1315,502.81,359.94,28.7,142.87,Consumo,2064.43,48,3.7,1
1316,904.05,680.0,51.87,224.05,Vivienda,26771.66,240,8.9,0
1317,1390.55,1069.14,6.44,321.41,Microcrédito,6878.51,24,5.6,0
1318,1332.07,769.31,29.57,562.76,Consumo,5019.17,12,2.3,0
1319,793.66,322.3,55.36,471.36,Microcrédito,954.53,6,1.6,0
1320,1088.32,438.36,20.95,649.96,Consumo,4819.65,6,7.6,0
1321,937.69,361.5,27.53,576.19,Consumo,3620.55,18,0.5,0
1322,639.31,358.91,47.39,280.4,Vivienda,20560.32,60,11.4,0
1323,1234.95,444.81,28.22,790.14,Microcrédito,3975.97,24,7.3,0
1324,909.88,265.03,29.44,644.85,Microcrédito,5331.48,18,4.0,0
1325,350.0,271.87,2.28,78.13,Comercial,3170.78,24,3.0,0
1326,913.51,434.15,8.75,479.36,Vivienda,29459.16,240,4.4,0
1327,796.64,279.41,31.36,517.23,Consumo,2154.37,6,6.5,0
1328,823.08,664.75,53.91,158.33,Consumo,3000.96,18,9.6,1
1329,713.14,128.37,26.42,584.77,Microcrédito,1336.72,24,7.0,0
1330,559.63,367.84,74.12,191.79,Consumo,2700.02,12,3.0,0
1331,693.87,199.7,48.41,494.17,Consumo,1339.1,48,2.5,0
1332,1954.7,1856.96,6.53,97.74,Consumo,3310.39,36,2.1,0
1333,856.72,415.9,8.25,440.82,Microcrédito,2934.38,18,8.1,0
1334,1083.53,472.29,7.21,611.24,Consumo,2437.31,12,2.6,0
1335,2244.33,1848.47,37.47,395.86,Consumo,8885.18,18,2.2,1
1336,679.87,277.19,8.72,402.68,Microcrédito,2405.0,36,2.3,0
1337,702.95,344.56,19.78,358.39,Consumo,1583.11,18,1.2,0
1338,759.4,413.13,35.85,346.27,Vivienda,24284.57,180,1.8,0
1339,587.24,378.53,88.14,208.71,Comercial,1326.86,36,4.9,1
1340,2009.64,973.33,4.94,1036.31,Microcrédito,12584.89,6,3.6,0
1341,2500.5,1706.79,29.79,793.71,Microcrédito,16355.51,24,5.4,1
1342,603.39,341.29,32.29,262.1,Microcrédito,4102.71,36,6.0,0
1343,930.96,700.37,30.49,230.59,Consumo,2467.03,48,7.5,0
1344,1597.81,853.61,35.24,744.2,Consumo,2896.1,48,6.1,0
1345,1465.09,860.74,30.3,604.35,Consumo,4808.1,48,2.3,0
1346,2348.39,1260.37,17.81,1088.02,Microcrédito,7735.1,18,15.2,0
1347,798.16,567.44,36.67,230.72,Vivienda,21333.15,180,4.2,1
1348,350.0,207.4,19.17,142.6,Microcrédito,679.4,12,5.9,0
1349,565.21,244.66,56.16,320.55,Consumo,720.21,18,5.8,0
1350,1098.65,585.1,41.57,513.55,Consumo,1639.3,12,6.1,0
1351,830.88,571.44,35.18,259.44,Microcrédito,1963.48,24,1.3,0
1352,1246.17,744.05,56.52,502.12,Consumo,2490.78,48,7.5,0
1353,1365.12,478.33,2.0,886.79,Microcrédito,2025.88,18,5.4,0
1354,1315.93,935.56,24.69,380.37,Microcrédito,5362.47,24,2.0,0
1355,527.38,312.91,48.27,214.47,Consumo,543.31,36,5.7,0
1356,1327.86,698.05,30.38,629.81,Consumo,5742.2,12,8.8,0
1357,846.88,559.01,27.81,287.87,Microcrédito,1188.58,12,5.0,0
1358,1797.73,883.23,29.13,914.5,Microcrédito,10129.97,12,3.4,0
1359,790.6,547.55,29.64,243.05,Microcrédito,2383.51,18,5.2,0
1360,1293.37,949.65,32.15,343.72,Microcrédito,7103.93,18,8.1,0
1361,710.25,497.68,25.28,212.57,Microcrédito,963.04,24,9.1,0
1362,771.79,497.25,52.03,274.54,Consumo,2533.66,24,6.2,0
1363,1359.78,1049.48,85.42,310.3,Microcrédito,4610.88,6,3.9,0
1364,1984.14,861.98,48.38,1122.16,Comercial,4620.83,24,9.3,0
1365,1014.13,772.75,33.59,241.38,Microcrédito,4609.44,12,2.7,0
1366,596.3,284.24,65.48,312.06,Consumo,2739.81,24,5.3,0
1367,1307.23,303.81,27.35,1003.42,Microcrédito,4421.68,12,2.3,0
1368,1272.32,500.79,47.38,771.53,Consumo,6116.03,6,5.8,0
1369,584.49,288.58,33.35,295.91,Consumo,2461.36,24,4.4,0
1370,1066.86,693.86,52.15,373.0,Consumo,4032.3,18,6.1,0
1371,732.75,607.68,44.76,125.07,Microcrédito,3248.73,24,1.3,0
1372,1014.62,366.66,25.8,647.96,Consumo,4852.78,18,2.8,0
1373,1232.54,606.93,41.47,625.61,Vivienda,29796.57,240,2.7,0
1374,702.0,386.78,21.19,315.22,Vivienda,20347.57,240,3.2,0
1375,590.19,434.91,54.65,155.28,Microcrédito,2745.2,6,1.8,1
1376,806.0,491.72,40.19,314.28,Vivienda,19215.56,120,5.3,0
1377,983.87,517.88,46.44,465.99,Vivienda,17086.32,84,5.5,0
1378,1034.62,669.55,4.86,365.07,Consumo,4050.83,18,1.8,0
1379,652.41,459.3,41.41,193.11,Microcrédito,1353.41,12,8.0,0
1380,785.54,699.29,40.68,86.25,Microcrédito,5062.45,36,4.4,1
1381,918.47,445.35,47.89,473.12,Vivienda,12186.43,120,2.3,0
1382,1198.49,715.97,49.69,482.52,Consumo,5009.37,12,6.0,0
1383,462.89,249.21,51.29,213.68,Consumo,492.54,48,11.3,0
1384,887.07,322.58,39.36,564.49,Consumo,2446.99,36,3.4,0
1385,1369.6,861.32,39.08,508.28,Consumo,5083.16,12,3.4,0
1386,516.13,359.06,42.6,157.07,Consumo,1239.21,18,8.8,0
1387,758.36,232.68,18.49,525.68,Consumo,1507.31,18,3.2,0
1388,1553.9,806.17,32.43,747.73,Microcrédito,8675.31,12,4.6,0
1389,820.99,555.78,56.38,265.21,Consumo,1418.9,6,9.7,0
1390,718.35,565.89,23.4,152.46,Vivienda,11820.36,120,1.6,0
1391,760.52,405.61,41.98,354.91,Consumo,1041.09,24,5.1,0
1392,1175.72,629.17,21.05,546.55,Microcrédito,7823.61,36,3.7,0
1393,567.58,102.16,19.04,465.42,Consumo,691.68,18,5.3,1
1394,687.79,270.34,43.48,417.45,Consumo,2419.27,18,2.4,0
1395,904.93,440.17,59.06,464.76,Consumo,2188.34,12,6.0,0
1396,1026.9,469.79,63.62,557.11,Consumo,2376.97,18,4.2,1
1397,1442.67,1267.32,27.77,175.35,Comercial,6037.59,48,8.3,0
1398,1003.92,564.89,53.33,439.03,Microcrédito,5929.66,24,4.5,0
1399,954.74,538.84,33.42,415.9,Microcrédito,1941.24,12,5.4,1
1400,2199.03,1157.04,32.83,1041.99,Microcrédito,7609.4,6,3.4,0
1401,1714.95,760.12,15.49,954.83,Microcrédito,7036.28,18,11.2,0
1402,1584.85,841.23,31.1,743.62,Consumo,6641.72,24,3.0,0
1403,2030.85,1826.38,29.95,204.47,Microcrédito,3141.72,18,2.5,0
1404,849.04,555.74,17.91,293.3,Microcrédito,5040.44,6,7.1,0
1405,377.56,250.51,36.75,127.05,Vivienda,12848.74,60,4.6,0
1406,1658.86,821.1,23.96,837.76,Consumo,4325.73,48,9.1,0
1407,897.9,613.69,46.63,284.21,Microcrédito,2159.87,6,3.9,0
1408,772.75,139.1,23.03,633.65,Microcrédito,1803.24,12,4.2,0
1409,712.46,307.23,52.3,405.23,Consumo,2830.94,36,5.8,0
1410,1487.21,729.64,10.46,757.57,Consumo,4506.73,36,6.0,0
1411,945.1,510.52,64.14,434.58,Consumo,1308.88,18,1.7,0
1412,417.19,333.33,18.62,83.86,Microcrédito,630.37,36,3.2,0
1413,1201.88,243.62,25.97,958.26,Microcrédito,3737.84,36,3.5,0
1414,1961.72,1127.9,43.36,833.82,Consumo,9617.92,6,3.1,0
1415,1339.53,663.95,34.01,675.58,Consumo,5812.91,24,3.1,0
1416,937.85,525.48,29.2,412.37,Consumo,2195.63,18,2.5,0
1417,829.55,339.43,42.93,490.12,Consumo,3307.77,18,1.0,0
1418,1621.83,552.44,28.21,1069.39,Microcrédito,9122.93,36,0.4,0
1419,828.12,600.8,23.14,227.32,Vivienda,23015.72,84,0.9,1
1420,782.93,558.06,61.91,224.87,Microcrédito,4197.88,6,3.8,1
1421,395.29,169.2,30.8,226.09,Consumo,1071.08,6,7.8,0
1422,1921.93,608.25,10.51,1313.68,Microcrédito,8591.38,18,2.1,0
1423,921.34,693.9,33.69,227.44,Consumo,3139.48,48,2.0,0
1424,1776.56,820.41,24.28,956.15,Consumo,5620.07,6,7.8,0
1425,2113.13,1688.22,38.9,424.91,Microcrédito,5818.52,36,3.2,0
1426,881.17,481.97,72.87,399.2,Consumo,1923.85,24,6.2,1
1427,1964.17,983.66,24.84,980.51,Consumo,2487.96,36,0.6,0
1428,721.95,316.9,7.28,405.05,Microcrédito,1932.72,36,4.5,0
1429,1878.64,1153.95,16.6,724.69,Consumo,8862.99,18,1.7,0
1430,1057.96,693.55,34.4,364.41,Consumo,1982.09,18,0.9,0
1431,1534.71,765.71,47.45,769.0,Consumo,1644.94,18,0.3,0
1432,371.78,163.92,26.35,207.86,Consumo,449.68,6,4.8,0
1433,928.2,598.11,36.31,330.09,Consumo,1665.92,18,4.6,1
1434,797.84,517.3,39.92,280.54,Microcrédito,2783.8,6,5.3,1
1435,642.28,326.36,35.64,315.92,Comercial,4327.54,48,2.3,0
1436,669.77,198.66,27.44,471.11,Microcrédito,4406.23,36,8.1,0
1437,796.43,398.06,40.86,398.37,Consumo,2353.07,12,6.7,0
1438,768.56,584.8,82.75,183.76,Microcrédito,5266.38,36,5.2,0
1439,1372.79,684.22,46.29,688.57,Consumo,6694.07,18,2.1,0
1440,1249.28,888.67,58.19,360.61,Consumo,5423.83,18,3.3,0
1441,957.97,564.19,34.8,393.78,Comercial,2341.08,24,2.8,0
1442,975.27,788.02,5.96,187.25,Vivienda,26506.81,84,1.2,1
1443,1726.17,1106.4,30.41,619.77,Microcrédito,10166.34,36,3.8,0
1444,507.86,342.03,3.28,165.83,Microcrédito,675.1,12,2.2,0
1445,1024.13,513.35,33.93,510.78,Microcrédito,7006.9,36,0.7,0
1446,1758.45,560.54,14.54,1197.91,Consumo,2264.64,18,5.2,0
1447,1265.77,694.46,37.04,571.31,Consumo,1295.22,48,2.3,0
1448,972.72,515.45,30.45,457.27,Microcrédito,1506.39,6,1.2,0
1449,1019.59,731.68,45.75,287.91,Consumo,2766.1,36,4.0,1
1450,1014.92,228.97,27.32,785.95,Comercial,10301.1,24,1.8,1
1451,964.07,382.31,22.85,581.76,Microcrédito,5113.34,18,2.8,0
1452,825.79,612.01,51.56,213.78,Microcrédito,4859.11,36,2.4,0
1453,1261.69,526.5,54.39,735.19,Microcrédito,7092.35,12,1.7,0
1454,783.81,725.94,72.97,57.87,Consumo,1816.16,24,4.6,1
1455,1545.04,936.81,43.87,608.23,Microcrédito,4732.84,24,9.8,0
1456,866.21,446.86,40.17,419.35,Consumo,2300.51,48,1.9,0
1457,458.21,421.35,14.76,36.86,Consumo,2187.63,48,4.8,0
1458,1292.3,729.71,14.83,562.59,Microcrédito,5676.14,24,10.2,0
1459,497.99,201.84,58.27,296.15,Microcrédito,3318.8,12,4.1,0
1460,952.77,905.13,52.22,47.64,Microcrédito,5309.9,36,5.3,0
1461,628.17,434.76,50.3,193.41,Consumo,2758.3,24,6.2,0
1462,875.71,579.32,54.17,296.39,Microcrédito,3936.83,12,11.3,0
1463,728.38,511.41,31.69,216.97,Microcrédito,1352.95,12,6.4,0
1464,1135.92,673.31,41.07,462.61,Microcrédito,4116.94,36,3.7,1
1465,604.05,398.79,59.64,205.26,Consumo,1310.35,48,5.3,0
1466,1751.71,728.35,34.22,1023.36,Microcrédito,2211.66,18,6.2,0
1467,1315.14,718.74,20.5,596.4,Vivienda,24840.37,240,12.7,0
1468,687.17,592.51,33.62,94.66,Consumo,1069.68,12,9.8,0
1469,1193.67,362.27,11.34,831.4,Microcrédito,3781.91,6,6.1,0
1470,507.19,274.45,54.15,232.74,Microcrédito,2138.27,24,0.3,0
1471,1326.0,766.97,35.41,559.03,Consumo,4568.8,48,11.1,0
1472,1326.42,871.12,14.04,455.3,Microcrédito,5275.67,12,4.0,0
1473,564.4,273.86,43.37,290.54,Microcrédito,3060.14,36,3.7,0
1474,1633.33,1207.88,13.12,425.45,Consumo,3431.67,48,3.9,0
1475,1881.51,1120.38,29.47,761.13,Microcrédito,9928.54,36,1.8,0
1476,633.23,517.19,52.59,116.04,Consumo,1772.51,24,3.4,1
1477,1018.88,687.83,49.49,331.05,Vivienda,35490.28,180,0.2,0
1478,750.98,303.0,5.3,447.98,Microcrédito,4473.29,36,5.1,0
1479,871.29,747.06,41.54,124.23,Comercial,3773.55,12,1.6,0
1480,924.04,572.89,33.13,351.15,Comercial,4605.23,36,6.2,0
1481,371.21,263.98,31.02,107.23,Consumo,619.43,24,11.9,0
1482,947.29,579.6,40.1,367.69,Consumo,3047.93,36,4.2,0
1483,849.82,540.32,37.06,309.5,Consumo,3460.12,36,3.1,0
1484,795.06,446.23,59.32,348.83,Comercial,9090.66,12,3.6,1
1485,552.18,213.69,3.5,338.49,Consumo,2550.05,18,3.0,0
1486,504.13,340.59,53.51,163.54,Microcrédito,3007.37,18,2.7,1
1487,1238.3,506.66,42.94,731.64,Microcrédito,2340.31,18,1.9,0
1488,837.7,460.6,53.21,377.1,Microcrédito,2972.61,36,3.3,0
1489,1326.43,750.88,4.53,575.55,Vivienda,27712.68,60,6.1,0
1490,817.21,392.82,35.83,424.39,Consumo,988.87,48,1.2,0
1491,967.73,665.69,39.09,302.04,Vivienda,17839.32,240,10.8,0
1492,728.01,446.75,33.03,281.26,Consumo,3024.95,12,3.4,0
1493,544.98,249.23,29.79,295.75,Comercial,2849.93,60,9.6,0
1494,782.88,536.17,37.99,246.71,Vivienda,16181.47,84,2.7,1
1495,700.6,370.19,26.94,330.41,Consumo,1100.78,48,2.3,0
1496,647.73,319.76,74.49,327.97,Comercial,7179.35,24,2.4,0
1497,478.13,264.91,57.01,213.22,Microcrédito,2222.08,6,0.5,1
1498,1313.0,859.35,72.67,453.65,Consumo,3514.58,24,5.9,0
1499,2044.28,1489.03,11.14,555.25,Vivienda,45124.74,84,1.5,0
1500,1097.98,325.38,14.72,772.6,Consumo,5187.73,18,5.0,0
